[
   {
      "model":"contenttypes.contenttype",
      "pk":1,
      "fields":{
         "app_label":"admin",
         "model":"logentry"
      }
   },
   {
      "model":"contenttypes.contenttype",
      "pk":2,
      "fields":{
         "app_label":"auth",
         "model":"group"
      }
   },
   {
      "model":"contenttypes.contenttype",
      "pk":3,
      "fields":{
         "app_label":"auth",
         "model":"permission"
      }
   },
   {
      "model":"contenttypes.contenttype",
      "pk":4,
      "fields":{
         "app_label":"contenttypes",
         "model":"contenttype"
      }
   },
   {
      "model":"contenttypes.contenttype",
      "pk":5,
      "fields":{
         "app_label":"sessions",
         "model":"session"
      }
   },
   {
      "model":"contenttypes.contenttype",
      "pk":6,
      "fields":{
         "app_label":"paciente",
         "model":"pacienteendereco"
      }
   },
   {
      "model":"contenttypes.contenttype",
      "pk":7,
      "fields":{
         "app_label":"paciente",
         "model":"paciente"
      }
   },
   {
      "model":"contenttypes.contenttype",
      "pk":8,
      "fields":{
         "app_label":"accounts",
         "model":"user"
      }
   },
   {
      "model":"contenttypes.contenttype",
      "pk":9,
      "fields":{
         "app_label":"medico",
         "model":"medico"
      }
   },
   {
      "model":"contenttypes.contenttype",
      "pk":10,
      "fields":{
         "app_label":"laudo",
         "model":"examelaudo"
      }
   },
   {
      "model":"contenttypes.contenttype",
      "pk":11,
      "fields":{
         "app_label":"laudo",
         "model":"assinadoreletronico"
      }
   },
   {
      "model":"contenttypes.contenttype",
      "pk":12,
      "fields":{
         "app_label":"laudo",
         "model":"laudo"
      }
   },
   {
      "model":"contenttypes.contenttype",
      "pk":13,
      "fields":{
         "app_label":"exame",
         "model":"exame"
      }
   },
   {
      "model":"contenttypes.contenttype",
      "pk":14,
      "fields":{
         "app_label":"exame",
         "model":"itemexame"
      }
   },
   {
      "model":"contenttypes.contenttype",
      "pk":15,
      "fields":{
         "app_label":"convenio",
         "model":"convenio"
      }
   },
   {
      "model":"sessions.session",
      "pk":"079zs2d0u3omy7yusdueok8r25w5p1w3",
      "fields":{
         "session_data":"MmZlY2E2YzU2NGYyOGRjMzVmMzhmMTM0OWRiNWEzNThjOWU5MGI0NTp7Il9hdXRoX3VzZXJfaGFzaCI6Ijc1OGQxOGQzNDFjM2IwZTY1ODY3MWMzM2ZmOWE2ODA5MzEwN2NlNTIiLCJfYXV0aF91c2VyX2lkIjoiMSIsIl9hdXRoX3VzZXJfYmFja2VuZCI6ImRqYW5nby5jb250cmliLmF1dGguYmFja2VuZHMuTW9kZWxCYWNrZW5kIn0=",
         "expire_date":"2017-05-26T20:41:08.843Z"
      }
   },
   {
      "model":"sessions.session",
      "pk":"1xk7q59f682qktqaqq4ph495ajudwjky",
      "fields":{
         "session_data":"YmQ2YjQzNThjZjY4YmY1NGNhM2VhODE1YmQ3ODc5MGM4MTI3M2YyNjp7Il9hdXRoX3VzZXJfYmFja2VuZCI6ImRqYW5nby5jb250cmliLmF1dGguYmFja2VuZHMuTW9kZWxCYWNrZW5kIiwiX2F1dGhfdXNlcl9pZCI6IjEiLCJfYXV0aF91c2VyX2hhc2giOiI3NThkMThkMzQxYzNiMGU2NTg2NzFjMzNmZjlhNjgwOTMxMDdjZTUyIn0=",
         "expire_date":"2017-06-18T20:17:06.257Z"
      }
   },
   {
      "model":"sessions.session",
      "pk":"33mfcs2b56x1x0t9kn9tc9ighu6wampb",
      "fields":{
         "session_data":"YTBjMmRiYTczZDQ2ZGMxMTU0ZDg4YjQwNzA2YTkyNWU0OTNmN2ZmMTp7Il9hdXRoX3VzZXJfaWQiOiIxIiwiX2F1dGhfdXNlcl9oYXNoIjoiNzU4ZDE4ZDM0MWMzYjBlNjU4NjcxYzMzZmY5YTY4MDkzMTA3Y2U1MiIsIl9hdXRoX3VzZXJfYmFja2VuZCI6ImRqYW5nby5jb250cmliLmF1dGguYmFja2VuZHMuTW9kZWxCYWNrZW5kIn0=",
         "expire_date":"2017-04-26T17:19:32.834Z"
      }
   },
   {
      "model":"sessions.session",
      "pk":"4eypititek9ue7arh7zd4a0gaac1ogmc",
      "fields":{
         "session_data":"YmQ2YjQzNThjZjY4YmY1NGNhM2VhODE1YmQ3ODc5MGM4MTI3M2YyNjp7Il9hdXRoX3VzZXJfYmFja2VuZCI6ImRqYW5nby5jb250cmliLmF1dGguYmFja2VuZHMuTW9kZWxCYWNrZW5kIiwiX2F1dGhfdXNlcl9pZCI6IjEiLCJfYXV0aF91c2VyX2hhc2giOiI3NThkMThkMzQxYzNiMGU2NTg2NzFjMzNmZjlhNjgwOTMxMDdjZTUyIn0=",
         "expire_date":"2017-06-02T20:16:49.929Z"
      }
   },
   {
      "model":"sessions.session",
      "pk":"4h7ufi3emcmjaez8qx8kzn6t85do8h2w",
      "fields":{
         "session_data":"YmQ2YjQzNThjZjY4YmY1NGNhM2VhODE1YmQ3ODc5MGM4MTI3M2YyNjp7Il9hdXRoX3VzZXJfYmFja2VuZCI6ImRqYW5nby5jb250cmliLmF1dGguYmFja2VuZHMuTW9kZWxCYWNrZW5kIiwiX2F1dGhfdXNlcl9pZCI6IjEiLCJfYXV0aF91c2VyX2hhc2giOiI3NThkMThkMzQxYzNiMGU2NTg2NzFjMzNmZjlhNjgwOTMxMDdjZTUyIn0=",
         "expire_date":"2017-05-18T15:53:31.050Z"
      }
   },
   {
      "model":"sessions.session",
      "pk":"5dxlez0ho7bqxq1ex2tlfhy9el5vnxg4",
      "fields":{
         "session_data":"YmQxMDYzZjQ4ZjgxYzMzMTI5MDNkZDc1YTdlNjY0OTIyZmNjNTU4Mjp7Il9hdXRoX3VzZXJfaGFzaCI6Ijc1OGQxOGQzNDFjM2IwZTY1ODY3MWMzM2ZmOWE2ODA5MzEwN2NlNTIiLCJfYXV0aF91c2VyX2JhY2tlbmQiOiJkamFuZ28uY29udHJpYi5hdXRoLmJhY2tlbmRzLk1vZGVsQmFja2VuZCIsIl9hdXRoX3VzZXJfaWQiOiIxIn0=",
         "expire_date":"2017-06-26T17:04:53.454Z"
      }
   },
   {
      "model":"sessions.session",
      "pk":"5oi5d5zob4vw0f016g3v2ublngq073j5",
      "fields":{
         "session_data":"YmQxMDYzZjQ4ZjgxYzMzMTI5MDNkZDc1YTdlNjY0OTIyZmNjNTU4Mjp7Il9hdXRoX3VzZXJfaGFzaCI6Ijc1OGQxOGQzNDFjM2IwZTY1ODY3MWMzM2ZmOWE2ODA5MzEwN2NlNTIiLCJfYXV0aF91c2VyX2JhY2tlbmQiOiJkamFuZ28uY29udHJpYi5hdXRoLmJhY2tlbmRzLk1vZGVsQmFja2VuZCIsIl9hdXRoX3VzZXJfaWQiOiIxIn0=",
         "expire_date":"2017-07-11T00:13:59.365Z"
      }
   },
   {
      "model":"sessions.session",
      "pk":"5qlgwkn5prn0q36ze4ftscpzc226zj7g",
      "fields":{
         "session_data":"YmQxMDYzZjQ4ZjgxYzMzMTI5MDNkZDc1YTdlNjY0OTIyZmNjNTU4Mjp7Il9hdXRoX3VzZXJfaGFzaCI6Ijc1OGQxOGQzNDFjM2IwZTY1ODY3MWMzM2ZmOWE2ODA5MzEwN2NlNTIiLCJfYXV0aF91c2VyX2JhY2tlbmQiOiJkamFuZ28uY29udHJpYi5hdXRoLmJhY2tlbmRzLk1vZGVsQmFja2VuZCIsIl9hdXRoX3VzZXJfaWQiOiIxIn0=",
         "expire_date":"2017-04-12T01:46:50.444Z"
      }
   },
   {
      "model":"sessions.session",
      "pk":"7aemht9ef9jv5mxcgoxbhorkvqus2qge",
      "fields":{
         "session_data":"YmQxMDYzZjQ4ZjgxYzMzMTI5MDNkZDc1YTdlNjY0OTIyZmNjNTU4Mjp7Il9hdXRoX3VzZXJfaGFzaCI6Ijc1OGQxOGQzNDFjM2IwZTY1ODY3MWMzM2ZmOWE2ODA5MzEwN2NlNTIiLCJfYXV0aF91c2VyX2JhY2tlbmQiOiJkamFuZ28uY29udHJpYi5hdXRoLmJhY2tlbmRzLk1vZGVsQmFja2VuZCIsIl9hdXRoX3VzZXJfaWQiOiIxIn0=",
         "expire_date":"2017-06-13T23:04:48.076Z"
      }
   },
   {
      "model":"sessions.session",
      "pk":"8epd9w602mo63be5cai4x65fvl2lyc0f",
      "fields":{
         "session_data":"NTNhOWJkMmM3MzNjYTM4MjQ4NjRmMWIwYTQ1NTBlOWYyMDIxNzFhNTp7Il9hdXRoX3VzZXJfYmFja2VuZCI6ImRqYW5nby5jb250cmliLmF1dGguYmFja2VuZHMuTW9kZWxCYWNrZW5kIiwiX2F1dGhfdXNlcl9oYXNoIjoiNzU4ZDE4ZDM0MWMzYjBlNjU4NjcxYzMzZmY5YTY4MDkzMTA3Y2U1MiIsIl9hdXRoX3VzZXJfaWQiOiIxIn0=",
         "expire_date":"2017-08-09T01:15:39.586Z"
      }
   },
   {
      "model":"sessions.session",
      "pk":"9jkei3hqtnik4vdnqqpchhl7e40n1jo3",
      "fields":{
         "session_data":"NTNhOWJkMmM3MzNjYTM4MjQ4NjRmMWIwYTQ1NTBlOWYyMDIxNzFhNTp7Il9hdXRoX3VzZXJfYmFja2VuZCI6ImRqYW5nby5jb250cmliLmF1dGguYmFja2VuZHMuTW9kZWxCYWNrZW5kIiwiX2F1dGhfdXNlcl9oYXNoIjoiNzU4ZDE4ZDM0MWMzYjBlNjU4NjcxYzMzZmY5YTY4MDkzMTA3Y2U1MiIsIl9hdXRoX3VzZXJfaWQiOiIxIn0=",
         "expire_date":"2017-06-06T22:30:29.524Z"
      }
   },
   {
      "model":"sessions.session",
      "pk":"9rchkep4dnu3dmke1lq8kp4pov9iopnb",
      "fields":{
         "session_data":"YmQxMDYzZjQ4ZjgxYzMzMTI5MDNkZDc1YTdlNjY0OTIyZmNjNTU4Mjp7Il9hdXRoX3VzZXJfaGFzaCI6Ijc1OGQxOGQzNDFjM2IwZTY1ODY3MWMzM2ZmOWE2ODA5MzEwN2NlNTIiLCJfYXV0aF91c2VyX2JhY2tlbmQiOiJkamFuZ28uY29udHJpYi5hdXRoLmJhY2tlbmRzLk1vZGVsQmFja2VuZCIsIl9hdXRoX3VzZXJfaWQiOiIxIn0=",
         "expire_date":"2017-06-24T16:47:55.853Z"
      }
   },
   {
      "model":"sessions.session",
      "pk":"d7jtu81ix9eqnpv0dvyjqphvpljma45t",
      "fields":{
         "session_data":"YTliYWExMTExNGExZGZlMmZlYTU0MGMzMGI4NjY3YzVmOGM0MzlkNjp7Il9hdXRoX3VzZXJfaWQiOiIxIiwiX2F1dGhfdXNlcl9iYWNrZW5kIjoiZGphbmdvLmNvbnRyaWIuYXV0aC5iYWNrZW5kcy5Nb2RlbEJhY2tlbmQiLCJfYXV0aF91c2VyX2hhc2giOiI3NThkMThkMzQxYzNiMGU2NTg2NzFjMzNmZjlhNjgwOTMxMDdjZTUyIn0=",
         "expire_date":"2017-05-11T12:35:58.702Z"
      }
   },
   {
      "model":"sessions.session",
      "pk":"ftdfwr3oc1qypqlwuok02hmpaegv0e64",
      "fields":{
         "session_data":"YTBjMmRiYTczZDQ2ZGMxMTU0ZDg4YjQwNzA2YTkyNWU0OTNmN2ZmMTp7Il9hdXRoX3VzZXJfaWQiOiIxIiwiX2F1dGhfdXNlcl9oYXNoIjoiNzU4ZDE4ZDM0MWMzYjBlNjU4NjcxYzMzZmY5YTY4MDkzMTA3Y2U1MiIsIl9hdXRoX3VzZXJfYmFja2VuZCI6ImRqYW5nby5jb250cmliLmF1dGguYmFja2VuZHMuTW9kZWxCYWNrZW5kIn0=",
         "expire_date":"2017-08-23T23:11:34.400Z"
      }
   },
   {
      "model":"sessions.session",
      "pk":"hmpuauxmu7cd9ca5gp6z8q5y5277tkab",
      "fields":{
         "session_data":"YmQ2YjQzNThjZjY4YmY1NGNhM2VhODE1YmQ3ODc5MGM4MTI3M2YyNjp7Il9hdXRoX3VzZXJfYmFja2VuZCI6ImRqYW5nby5jb250cmliLmF1dGguYmFja2VuZHMuTW9kZWxCYWNrZW5kIiwiX2F1dGhfdXNlcl9pZCI6IjEiLCJfYXV0aF91c2VyX2hhc2giOiI3NThkMThkMzQxYzNiMGU2NTg2NzFjMzNmZjlhNjgwOTMxMDdjZTUyIn0=",
         "expire_date":"2017-07-15T02:56:20.173Z"
      }
   },
   {
      "model":"sessions.session",
      "pk":"i04vwisxgoepr144yku6u5sbbg6n5d6n",
      "fields":{
         "session_data":"MmZlY2E2YzU2NGYyOGRjMzVmMzhmMTM0OWRiNWEzNThjOWU5MGI0NTp7Il9hdXRoX3VzZXJfaGFzaCI6Ijc1OGQxOGQzNDFjM2IwZTY1ODY3MWMzM2ZmOWE2ODA5MzEwN2NlNTIiLCJfYXV0aF91c2VyX2lkIjoiMSIsIl9hdXRoX3VzZXJfYmFja2VuZCI6ImRqYW5nby5jb250cmliLmF1dGguYmFja2VuZHMuTW9kZWxCYWNrZW5kIn0=",
         "expire_date":"2017-05-23T17:12:11.439Z"
      }
   },
   {
      "model":"sessions.session",
      "pk":"knv9ahhfuqqk7wj31pxixz9ppahkt50z",
      "fields":{
         "session_data":"YmQ2YjQzNThjZjY4YmY1NGNhM2VhODE1YmQ3ODc5MGM4MTI3M2YyNjp7Il9hdXRoX3VzZXJfYmFja2VuZCI6ImRqYW5nby5jb250cmliLmF1dGguYmFja2VuZHMuTW9kZWxCYWNrZW5kIiwiX2F1dGhfdXNlcl9pZCI6IjEiLCJfYXV0aF91c2VyX2hhc2giOiI3NThkMThkMzQxYzNiMGU2NTg2NzFjMzNmZjlhNjgwOTMxMDdjZTUyIn0=",
         "expire_date":"2017-05-27T12:49:20.827Z"
      }
   },
   {
      "model":"sessions.session",
      "pk":"n8jlxc8dynr06jz6vb2gdu3s1pmde6td",
      "fields":{
         "session_data":"YTliYWExMTExNGExZGZlMmZlYTU0MGMzMGI4NjY3YzVmOGM0MzlkNjp7Il9hdXRoX3VzZXJfaWQiOiIxIiwiX2F1dGhfdXNlcl9iYWNrZW5kIjoiZGphbmdvLmNvbnRyaWIuYXV0aC5iYWNrZW5kcy5Nb2RlbEJhY2tlbmQiLCJfYXV0aF91c2VyX2hhc2giOiI3NThkMThkMzQxYzNiMGU2NTg2NzFjMzNmZjlhNjgwOTMxMDdjZTUyIn0=",
         "expire_date":"2017-07-31T20:11:02.843Z"
      }
   },
   {
      "model":"sessions.session",
      "pk":"oilnifo7tflsb84s2hi3t2ds6i9m2iv6",
      "fields":{
         "session_data":"YmQxMDYzZjQ4ZjgxYzMzMTI5MDNkZDc1YTdlNjY0OTIyZmNjNTU4Mjp7Il9hdXRoX3VzZXJfaGFzaCI6Ijc1OGQxOGQzNDFjM2IwZTY1ODY3MWMzM2ZmOWE2ODA5MzEwN2NlNTIiLCJfYXV0aF91c2VyX2JhY2tlbmQiOiJkamFuZ28uY29udHJpYi5hdXRoLmJhY2tlbmRzLk1vZGVsQmFja2VuZCIsIl9hdXRoX3VzZXJfaWQiOiIxIn0=",
         "expire_date":"2017-05-18T13:23:39.021Z"
      }
   },
   {
      "model":"sessions.session",
      "pk":"oxqf1ggrs2ialxuhyrtqqv0mtnco9wf9",
      "fields":{
         "session_data":"M2JmODU4NDUwZjg3NGNiMWI0ZDdkZmNlNTVmYTVlYWZkYWZmMDU1ZDp7Il9hdXRoX3VzZXJfYmFja2VuZCI6ImRqYW5nby5jb250cmliLmF1dGguYmFja2VuZHMuTW9kZWxCYWNrZW5kIiwiX2F1dGhfdXNlcl9pZCI6IjMiLCJfYXV0aF91c2VyX2hhc2giOiIyMTUxOWFiYWU5NThmYzlkZjg3NTg0NzE4NjAwYjExZDg5MTA3ZjkwIn0=",
         "expire_date":"2017-05-18T02:15:58.904Z"
      }
   },
   {
      "model":"sessions.session",
      "pk":"pv9y4o2katpjz9pbw96xiiyectp5aihk",
      "fields":{
         "session_data":"YmQxMDYzZjQ4ZjgxYzMzMTI5MDNkZDc1YTdlNjY0OTIyZmNjNTU4Mjp7Il9hdXRoX3VzZXJfaGFzaCI6Ijc1OGQxOGQzNDFjM2IwZTY1ODY3MWMzM2ZmOWE2ODA5MzEwN2NlNTIiLCJfYXV0aF91c2VyX2JhY2tlbmQiOiJkamFuZ28uY29udHJpYi5hdXRoLmJhY2tlbmRzLk1vZGVsQmFja2VuZCIsIl9hdXRoX3VzZXJfaWQiOiIxIn0=",
         "expire_date":"2017-06-24T15:20:11.594Z"
      }
   },
   {
      "model":"sessions.session",
      "pk":"q62bpn1cvpjghvkojhvup2qfkbszlmyz",
      "fields":{
         "session_data":"YmQxMDYzZjQ4ZjgxYzMzMTI5MDNkZDc1YTdlNjY0OTIyZmNjNTU4Mjp7Il9hdXRoX3VzZXJfaGFzaCI6Ijc1OGQxOGQzNDFjM2IwZTY1ODY3MWMzM2ZmOWE2ODA5MzEwN2NlNTIiLCJfYXV0aF91c2VyX2JhY2tlbmQiOiJkamFuZ28uY29udHJpYi5hdXRoLmJhY2tlbmRzLk1vZGVsQmFja2VuZCIsIl9hdXRoX3VzZXJfaWQiOiIxIn0=",
         "expire_date":"2017-07-26T01:08:11.508Z"
      }
   },
   {
      "model":"sessions.session",
      "pk":"q6w9o02tgn0k8h45mf6jd3oqcerxr24g",
      "fields":{
         "session_data":"YTliYWExMTExNGExZGZlMmZlYTU0MGMzMGI4NjY3YzVmOGM0MzlkNjp7Il9hdXRoX3VzZXJfaWQiOiIxIiwiX2F1dGhfdXNlcl9iYWNrZW5kIjoiZGphbmdvLmNvbnRyaWIuYXV0aC5iYWNrZW5kcy5Nb2RlbEJhY2tlbmQiLCJfYXV0aF91c2VyX2hhc2giOiI3NThkMThkMzQxYzNiMGU2NTg2NzFjMzNmZjlhNjgwOTMxMDdjZTUyIn0=",
         "expire_date":"2017-05-18T00:37:22.880Z"
      }
   },
   {
      "model":"sessions.session",
      "pk":"qz62bk9yb6111duf8p07que00dx10968",
      "fields":{
         "session_data":"NTNhOWJkMmM3MzNjYTM4MjQ4NjRmMWIwYTQ1NTBlOWYyMDIxNzFhNTp7Il9hdXRoX3VzZXJfYmFja2VuZCI6ImRqYW5nby5jb250cmliLmF1dGguYmFja2VuZHMuTW9kZWxCYWNrZW5kIiwiX2F1dGhfdXNlcl9oYXNoIjoiNzU4ZDE4ZDM0MWMzYjBlNjU4NjcxYzMzZmY5YTY4MDkzMTA3Y2U1MiIsIl9hdXRoX3VzZXJfaWQiOiIxIn0=",
         "expire_date":"2017-05-16T17:22:38.483Z"
      }
   },
   {
      "model":"sessions.session",
      "pk":"uoc4dvyeev38e4nc4mqonpisqs4mh8h6",
      "fields":{
         "session_data":"YTliYWExMTExNGExZGZlMmZlYTU0MGMzMGI4NjY3YzVmOGM0MzlkNjp7Il9hdXRoX3VzZXJfaWQiOiIxIiwiX2F1dGhfdXNlcl9iYWNrZW5kIjoiZGphbmdvLmNvbnRyaWIuYXV0aC5iYWNrZW5kcy5Nb2RlbEJhY2tlbmQiLCJfYXV0aF91c2VyX2hhc2giOiI3NThkMThkMzQxYzNiMGU2NTg2NzFjMzNmZjlhNjgwOTMxMDdjZTUyIn0=",
         "expire_date":"2017-05-30T17:23:41.176Z"
      }
   },
   {
      "model":"sessions.session",
      "pk":"ys6gwpsr179n5wta0z439j9inxrw1ucv",
      "fields":{
         "session_data":"NTNhOWJkMmM3MzNjYTM4MjQ4NjRmMWIwYTQ1NTBlOWYyMDIxNzFhNTp7Il9hdXRoX3VzZXJfYmFja2VuZCI6ImRqYW5nby5jb250cmliLmF1dGguYmFja2VuZHMuTW9kZWxCYWNrZW5kIiwiX2F1dGhfdXNlcl9oYXNoIjoiNzU4ZDE4ZDM0MWMzYjBlNjU4NjcxYzMzZmY5YTY4MDkzMTA3Y2U1MiIsIl9hdXRoX3VzZXJfaWQiOiIxIn0=",
         "expire_date":"2017-04-12T12:44:35.727Z"
      }
   },
   {
      "model":"sessions.session",
      "pk":"z8i9evqfl4zlwu5f85i76r9137eu0os1",
      "fields":{
         "session_data":"M2JmODU4NDUwZjg3NGNiMWI0ZDdkZmNlNTVmYTVlYWZkYWZmMDU1ZDp7Il9hdXRoX3VzZXJfYmFja2VuZCI6ImRqYW5nby5jb250cmliLmF1dGguYmFja2VuZHMuTW9kZWxCYWNrZW5kIiwiX2F1dGhfdXNlcl9pZCI6IjMiLCJfYXV0aF91c2VyX2hhc2giOiIyMTUxOWFiYWU5NThmYzlkZjg3NTg0NzE4NjAwYjExZDg5MTA3ZjkwIn0=",
         "expire_date":"2017-06-24T18:21:18.689Z"
      }
   },
   {
      "model":"sessions.session",
      "pk":"zvn09bmrfclnyk8040aoltpih3nht39f",
      "fields":{
         "session_data":"NTNhOWJkMmM3MzNjYTM4MjQ4NjRmMWIwYTQ1NTBlOWYyMDIxNzFhNTp7Il9hdXRoX3VzZXJfYmFja2VuZCI6ImRqYW5nby5jb250cmliLmF1dGguYmFja2VuZHMuTW9kZWxCYWNrZW5kIiwiX2F1dGhfdXNlcl9oYXNoIjoiNzU4ZDE4ZDM0MWMzYjBlNjU4NjcxYzMzZmY5YTY4MDkzMTA3Y2U1MiIsIl9hdXRoX3VzZXJfaWQiOiIxIn0=",
         "expire_date":"2017-05-16T17:46:52.886Z"
      }
   },
   {
      "model":"paciente.paciente",
      "pk":1,
      "fields":{
         "nome":"Daniela Aparecida Batista dos Santos",
         "cartao_sus":"Particular",
         "nome_mae":"Dagmar Greg\u00f3rio Batista dos Santos",
         "apelido":"",
         "cpf":"12109111674",
         "nacionalidade":"brasileira",
         "data_nascimento":"1995-07-24",
         "raca":"OUT",
         "data_cadastro":"2017-05-04T01:22:32.432Z",
         "data_atualizacao":"2017-05-04T01:22:32.432Z",
         "profissao":"",
         "ativo":true,
         "sexo":"N",
         "convenio":2
      }
   },
   {
      "model":"paciente.paciente",
      "pk":2,
      "fields":{
         "nome":"Jenifer Delfino Fernandes",
         "cartao_sus":"PARTICULAR",
         "nome_mae":"",
         "apelido":"",
         "cpf":"06973669956",
         "nacionalidade":"brasileira",
         "data_nascimento":"1993-07-18",
         "raca":"BRA",
         "data_cadastro":"2017-07-03T10:48:55.026Z",
         "data_atualizacao":"2017-07-03T10:48:55.026Z",
         "profissao":"",
         "ativo":true,
         "sexo":"N",
         "convenio":2
      }
   },
   {
      "model":"paciente.paciente",
      "pk":3,
      "fields":{
         "nome":"Elaine Guzzo Vilhena",
         "cartao_sus":"PARTICULAR",
         "nome_mae":"",
         "apelido":"",
         "cpf":"11111111111",
         "nacionalidade":"brasileira",
         "data_nascimento":"1977-08-26",
         "raca":"BRA",
         "data_cadastro":"2017-07-08T19:46:56.974Z",
         "data_atualizacao":"2017-07-08T19:46:56.974Z",
         "profissao":"",
         "ativo":true,
         "sexo":"F",
         "convenio":2
      }
   },
   {
      "model":"paciente.paciente",
      "pk":4,
      "fields":{
         "nome":"Joviana Cristina Pires",
         "cartao_sus":"Particular",
         "nome_mae":"",
         "apelido":"",
         "cpf":"04227764670",
         "nacionalidade":"brasileira",
         "data_nascimento":"1978-10-15",
         "raca":"BRA",
         "data_cadastro":"2017-07-14T10:20:49.896Z",
         "data_atualizacao":"2017-07-14T10:55:46.179Z",
         "profissao":"",
         "ativo":true,
         "sexo":"F",
         "convenio":2
      }
   },
   {
      "model":"paciente.paciente",
      "pk":5,
      "fields":{
         "nome":"Imalda Aparecida de Freitas Silva",
         "cartao_sus":"Particular",
         "nome_mae":"",
         "apelido":"",
         "cpf":"03202514628",
         "nacionalidade":"brasileira",
         "data_nascimento":"1976-07-09",
         "raca":"BRA",
         "data_cadastro":"2017-07-14T10:28:26.443Z",
         "data_atualizacao":"2017-07-14T10:28:26.443Z",
         "profissao":"t\u00e9cnica de enfermagem",
         "ativo":true,
         "sexo":"F",
         "convenio":2
      }
   },
   {
      "model":"paciente.paciente",
      "pk":6,
      "fields":{
         "nome":"Adriane Ferreira Silva Borges",
         "cartao_sus":"Particular",
         "nome_mae":"",
         "apelido":"",
         "cpf":"03280050618",
         "nacionalidade":"brasileira",
         "data_nascimento":"1977-05-17",
         "raca":"BRA",
         "data_cadastro":"2017-07-24T11:20:33.749Z",
         "data_atualizacao":"2017-07-24T11:20:33.749Z",
         "profissao":"",
         "ativo":true,
         "sexo":"F",
         "convenio":2
      }
   },
   {
      "model":"paciente.paciente",
      "pk":7,
      "fields":{
         "nome":"Izabel Bessi",
         "cartao_sus":"Particular",
         "nome_mae":"",
         "apelido":"",
         "cpf":"21111111111",
         "nacionalidade":"brasileira",
         "data_nascimento":"1966-12-03",
         "raca":"BRA",
         "data_cadastro":"2017-08-05T12:16:17.687Z",
         "data_atualizacao":"2017-08-05T12:16:17.687Z",
         "profissao":"",
         "ativo":true,
         "sexo":"F",
         "convenio":2
      }
   },
   {
      "model":"paciente.pacienteendereco",
      "pk":1,
      "fields":{
         "paciente":1,
         "logradouro":"Rua Coronel Tim\u00f3teo",
         "numero_casa":"1160",
         "complemento":"",
         "bairro":"",
         "uf":"MG",
         "codigo_municipio":312970,
         "municipio":"Ibiraci",
         "cep":"37990000",
         "fone_ddd":"35",
         "fone_numero":"999913728",
         "email":"",
         "ponto_de_referencia":""
      }
   },
   {
      "model":"paciente.pacienteendereco",
      "pk":2,
      "fields":{
         "paciente":2,
         "logradouro":"n\u00e3o informado",
         "numero_casa":"xxx",
         "complemento":"xxxx",
         "bairro":"xxxx",
         "uf":"MG",
         "codigo_municipio":null,
         "municipio":"Ibiraci",
         "cep":"",
         "fone_ddd":"48",
         "fone_numero":"999565091",
         "email":"",
         "ponto_de_referencia":""
      }
   },
   {
      "model":"paciente.pacienteendereco",
      "pk":3,
      "fields":{
         "paciente":3,
         "logradouro":"xxxxxxxxxxxxx",
         "numero_casa":"xx",
         "complemento":"",
         "bairro":"",
         "uf":"MG",
         "codigo_municipio":null,
         "municipio":"Ibiraci",
         "cep":"37990000",
         "fone_ddd":"35",
         "fone_numero":"999911770",
         "email":"",
         "ponto_de_referencia":""
      }
   },
   {
      "model":"paciente.pacienteendereco",
      "pk":4,
      "fields":{
         "paciente":4,
         "logradouro":"xxxxxxxxxxxxxx",
         "numero_casa":"000",
         "complemento":"",
         "bairro":"xxxxxx",
         "uf":"MG",
         "codigo_municipio":null,
         "municipio":"IBIRACI",
         "cep":"37990000",
         "fone_ddd":"35",
         "fone_numero":"999916896",
         "email":"",
         "ponto_de_referencia":""
      }
   },
   {
      "model":"paciente.pacienteendereco",
      "pk":5,
      "fields":{
         "paciente":5,
         "logradouro":"xxxxxxxxxxxxx",
         "numero_casa":"00000",
         "complemento":"",
         "bairro":"Ros\u00e1rio",
         "uf":"MG",
         "codigo_municipio":null,
         "municipio":"Ibiraci",
         "cep":"37990000",
         "fone_ddd":"35",
         "fone_numero":"999919258",
         "email":"",
         "ponto_de_referencia":""
      }
   },
   {
      "model":"paciente.pacienteendereco",
      "pk":6,
      "fields":{
         "paciente":6,
         "logradouro":"xxxxxxxxxxxxxx",
         "numero_casa":"0000",
         "complemento":"",
         "bairro":"",
         "uf":"Mg",
         "codigo_municipio":null,
         "municipio":"Ibiraci",
         "cep":"37990000",
         "fone_ddd":"35",
         "fone_numero":"35442417",
         "email":"",
         "ponto_de_referencia":""
      }
   },
   {
      "model":"paciente.pacienteendereco",
      "pk":7,
      "fields":{
         "paciente":7,
         "logradouro":"rrrrrrrrrrrrrr",
         "numero_casa":"000000",
         "complemento":"",
         "bairro":"",
         "uf":"MG",
         "codigo_municipio":null,
         "municipio":"Ibiraci",
         "cep":"37990000",
         "fone_ddd":"35",
         "fone_numero":"999916081",
         "email":"",
         "ponto_de_referencia":""
      }
   },
   {
      "model":"medico.medico",
      "pk":1,
      "fields":{
         "nome":"\u00c9rika Maia Abreu Soares",
         "crm":"38709",
         "telefone":"35 35411072",
         "data_cadastro":"2017-05-04T00:49:56.047Z",
         "data_atualizacao":"2017-05-04T00:49:56.047Z"
      }
   },
   {
      "model":"medico.medico",
      "pk":2,
      "fields":{
         "nome":"Sandra Toledo",
         "crm":"18494",
         "telefone":"3535441212",
         "data_cadastro":"2017-07-03T11:07:23.918Z",
         "data_atualizacao":"2017-07-03T11:07:23.918Z"
      }
   },
   {
      "model":"medico.medico",
      "pk":3,
      "fields":{
         "nome":"Eneida Cezar Meira Maniglia",
         "crm":"48138",
         "telefone":"",
         "data_cadastro":"2017-07-08T19:47:50.190Z",
         "data_atualizacao":"2017-07-08T19:47:50.190Z"
      }
   },
   {
      "model":"medico.medico",
      "pk":4,
      "fields":{
         "nome":"N\u00e3o Informado",
         "crm":"123",
         "telefone":"",
         "data_cadastro":"2017-07-14T10:22:53.985Z",
         "data_atualizacao":"2017-07-14T10:22:53.985Z"
      }
   },
   {
      "model":"laudo.laudo",
      "pk":1,
      "fields":{
         "paciente":1,
         "medico":1,
         "data_coleta":"2017-05-02T03:00:00Z",
         "ultima_menstruacao":"2017-04-09T03:00:00Z",
         "paciente_pode_ver":true,
         "assinado":true,
         "assinado_por":1,
         "data_assinatura":"2017-05-04T01:29:24.566Z",
         "data_cadastro":"2017-05-04T01:28:03.793Z",
         "data_atualizacao":"2017-05-04T01:29:24.567Z",
         "ativo":false
      }
   },
   {
      "model":"laudo.laudo",
      "pk":2,
      "fields":{
         "paciente":2,
         "medico":2,
         "data_coleta":"2017-06-26T03:00:00Z",
         "ultima_menstruacao":"2017-06-15T03:00:00Z",
         "paciente_pode_ver":true,
         "assinado":true,
         "assinado_por":1,
         "data_assinatura":"2017-07-03T11:09:44.256Z",
         "data_cadastro":"2017-07-03T11:09:18.591Z",
         "data_atualizacao":"2017-07-03T11:09:44.256Z",
         "ativo":false
      }
   },
   {
      "model":"laudo.laudo",
      "pk":3,
      "fields":{
         "paciente":3,
         "medico":3,
         "data_coleta":"2017-07-03T03:00:00Z",
         "ultima_menstruacao":"2017-06-21T03:00:00Z",
         "paciente_pode_ver":true,
         "assinado":true,
         "assinado_por":1,
         "data_assinatura":"2017-07-08T19:50:33.688Z",
         "data_cadastro":"2017-07-08T19:50:12.996Z",
         "data_atualizacao":"2017-07-08T19:50:33.688Z",
         "ativo":false
      }
   },
   {
      "model":"laudo.laudo",
      "pk":4,
      "fields":{
         "paciente":4,
         "medico":4,
         "data_coleta":"2017-07-12T03:00:00Z",
         "ultima_menstruacao":"2017-06-29T03:00:00Z",
         "paciente_pode_ver":true,
         "assinado":true,
         "assinado_por":1,
         "data_assinatura":"2017-07-14T10:24:23.168Z",
         "data_cadastro":"2017-07-14T10:24:09.552Z",
         "data_atualizacao":"2017-07-14T10:24:23.169Z",
         "ativo":false
      }
   },
   {
      "model":"laudo.laudo",
      "pk":5,
      "fields":{
         "paciente":5,
         "medico":4,
         "data_coleta":"2017-07-12T03:00:00Z",
         "ultima_menstruacao":"2017-06-26T03:00:00Z",
         "paciente_pode_ver":true,
         "assinado":true,
         "assinado_por":1,
         "data_assinatura":"2017-07-14T10:29:53.823Z",
         "data_cadastro":"2017-07-14T10:29:40.253Z",
         "data_atualizacao":"2017-07-14T10:29:53.823Z",
         "ativo":false
      }
   },
   {
      "model":"laudo.laudo",
      "pk":6,
      "fields":{
         "paciente":6,
         "medico":1,
         "data_coleta":"2017-07-18T03:00:00Z",
         "ultima_menstruacao":"2017-06-28T03:00:00Z",
         "paciente_pode_ver":true,
         "assinado":true,
         "assinado_por":1,
         "data_assinatura":"2017-07-24T11:26:02.774Z",
         "data_cadastro":"2017-07-24T11:25:12.625Z",
         "data_atualizacao":"2017-07-24T11:26:02.774Z",
         "ativo":false
      }
   },
   {
      "model":"laudo.laudo",
      "pk":7,
      "fields":{
         "paciente":7,
         "medico":4,
         "data_coleta":"2017-08-03T03:00:00Z",
         "ultima_menstruacao":"2000-08-03T03:00:00Z",
         "paciente_pode_ver":true,
         "assinado":true,
         "assinado_por":1,
         "data_assinatura":"2017-08-05T12:20:01.239Z",
         "data_cadastro":"2017-08-05T12:19:14.467Z",
         "data_atualizacao":"2017-08-05T12:20:01.239Z",
         "ativo":false
      }
   },
   {
      "model":"laudo.examelaudo",
      "pk":1,
      "fields":{
         "laudo":1,
         "item_exame":1,
         "data_cadastro":"2017-05-04T01:28:03.799Z"
      }
   },
   {
      "model":"laudo.examelaudo",
      "pk":2,
      "fields":{
         "laudo":1,
         "item_exame":6,
         "data_cadastro":"2017-05-04T01:28:03.804Z"
      }
   },
   {
      "model":"laudo.examelaudo",
      "pk":3,
      "fields":{
         "laudo":1,
         "item_exame":3,
         "data_cadastro":"2017-05-04T01:28:03.810Z"
      }
   },
   {
      "model":"laudo.examelaudo",
      "pk":4,
      "fields":{
         "laudo":1,
         "item_exame":4,
         "data_cadastro":"2017-05-04T01:28:03.814Z"
      }
   },
   {
      "model":"laudo.examelaudo",
      "pk":5,
      "fields":{
         "laudo":1,
         "item_exame":16,
         "data_cadastro":"2017-05-04T01:28:03.819Z"
      }
   },
   {
      "model":"laudo.examelaudo",
      "pk":6,
      "fields":{
         "laudo":1,
         "item_exame":20,
         "data_cadastro":"2017-05-04T01:28:03.823Z"
      }
   },
   {
      "model":"laudo.examelaudo",
      "pk":7,
      "fields":{
         "laudo":1,
         "item_exame":23,
         "data_cadastro":"2017-05-04T01:28:03.828Z"
      }
   },
   {
      "model":"laudo.examelaudo",
      "pk":8,
      "fields":{
         "laudo":1,
         "item_exame":12,
         "data_cadastro":"2017-05-04T01:28:03.832Z"
      }
   },
   {
      "model":"laudo.examelaudo",
      "pk":9,
      "fields":{
         "laudo":1,
         "item_exame":28,
         "data_cadastro":"2017-05-04T01:28:03.837Z"
      }
   },
   {
      "model":"laudo.examelaudo",
      "pk":10,
      "fields":{
         "laudo":1,
         "item_exame":27,
         "data_cadastro":"2017-05-04T01:28:03.842Z"
      }
   },
   {
      "model":"laudo.examelaudo",
      "pk":11,
      "fields":{
         "laudo":1,
         "item_exame":29,
         "data_cadastro":"2017-05-04T01:28:03.846Z"
      }
   },
   {
      "model":"laudo.examelaudo",
      "pk":12,
      "fields":{
         "laudo":2,
         "item_exame":1,
         "data_cadastro":"2017-07-03T11:09:18.596Z"
      }
   },
   {
      "model":"laudo.examelaudo",
      "pk":13,
      "fields":{
         "laudo":2,
         "item_exame":6,
         "data_cadastro":"2017-07-03T11:09:18.599Z"
      }
   },
   {
      "model":"laudo.examelaudo",
      "pk":14,
      "fields":{
         "laudo":2,
         "item_exame":3,
         "data_cadastro":"2017-07-03T11:09:18.602Z"
      }
   },
   {
      "model":"laudo.examelaudo",
      "pk":15,
      "fields":{
         "laudo":2,
         "item_exame":4,
         "data_cadastro":"2017-07-03T11:09:18.606Z"
      }
   },
   {
      "model":"laudo.examelaudo",
      "pk":16,
      "fields":{
         "laudo":2,
         "item_exame":16,
         "data_cadastro":"2017-07-03T11:09:18.609Z"
      }
   },
   {
      "model":"laudo.examelaudo",
      "pk":17,
      "fields":{
         "laudo":2,
         "item_exame":19,
         "data_cadastro":"2017-07-03T11:09:18.612Z"
      }
   },
   {
      "model":"laudo.examelaudo",
      "pk":18,
      "fields":{
         "laudo":2,
         "item_exame":23,
         "data_cadastro":"2017-07-03T11:09:18.615Z"
      }
   },
   {
      "model":"laudo.examelaudo",
      "pk":19,
      "fields":{
         "laudo":2,
         "item_exame":15,
         "data_cadastro":"2017-07-03T11:09:18.618Z"
      }
   },
   {
      "model":"laudo.examelaudo",
      "pk":20,
      "fields":{
         "laudo":2,
         "item_exame":28,
         "data_cadastro":"2017-07-03T11:09:18.622Z"
      }
   },
   {
      "model":"laudo.examelaudo",
      "pk":21,
      "fields":{
         "laudo":2,
         "item_exame":27,
         "data_cadastro":"2017-07-03T11:09:18.625Z"
      }
   },
   {
      "model":"laudo.examelaudo",
      "pk":22,
      "fields":{
         "laudo":2,
         "item_exame":29,
         "data_cadastro":"2017-07-03T11:09:18.627Z"
      }
   },
   {
      "model":"laudo.examelaudo",
      "pk":23,
      "fields":{
         "laudo":3,
         "item_exame":1,
         "data_cadastro":"2017-07-08T19:50:13.001Z"
      }
   },
   {
      "model":"laudo.examelaudo",
      "pk":24,
      "fields":{
         "laudo":3,
         "item_exame":6,
         "data_cadastro":"2017-07-08T19:50:13.004Z"
      }
   },
   {
      "model":"laudo.examelaudo",
      "pk":25,
      "fields":{
         "laudo":3,
         "item_exame":3,
         "data_cadastro":"2017-07-08T19:50:13.007Z"
      }
   },
   {
      "model":"laudo.examelaudo",
      "pk":26,
      "fields":{
         "laudo":3,
         "item_exame":4,
         "data_cadastro":"2017-07-08T19:50:13.010Z"
      }
   },
   {
      "model":"laudo.examelaudo",
      "pk":27,
      "fields":{
         "laudo":3,
         "item_exame":16,
         "data_cadastro":"2017-07-08T19:50:13.013Z"
      }
   },
   {
      "model":"laudo.examelaudo",
      "pk":28,
      "fields":{
         "laudo":3,
         "item_exame":20,
         "data_cadastro":"2017-07-08T19:50:13.016Z"
      }
   },
   {
      "model":"laudo.examelaudo",
      "pk":29,
      "fields":{
         "laudo":3,
         "item_exame":23,
         "data_cadastro":"2017-07-08T19:50:13.020Z"
      }
   },
   {
      "model":"laudo.examelaudo",
      "pk":30,
      "fields":{
         "laudo":3,
         "item_exame":14,
         "data_cadastro":"2017-07-08T19:50:13.023Z"
      }
   },
   {
      "model":"laudo.examelaudo",
      "pk":31,
      "fields":{
         "laudo":3,
         "item_exame":28,
         "data_cadastro":"2017-07-08T19:50:13.025Z"
      }
   },
   {
      "model":"laudo.examelaudo",
      "pk":32,
      "fields":{
         "laudo":3,
         "item_exame":27,
         "data_cadastro":"2017-07-08T19:50:13.040Z"
      }
   },
   {
      "model":"laudo.examelaudo",
      "pk":33,
      "fields":{
         "laudo":3,
         "item_exame":29,
         "data_cadastro":"2017-07-08T19:50:13.044Z"
      }
   },
   {
      "model":"laudo.examelaudo",
      "pk":34,
      "fields":{
         "laudo":4,
         "item_exame":1,
         "data_cadastro":"2017-07-14T10:24:09.558Z"
      }
   },
   {
      "model":"laudo.examelaudo",
      "pk":35,
      "fields":{
         "laudo":4,
         "item_exame":6,
         "data_cadastro":"2017-07-14T10:24:09.563Z"
      }
   },
   {
      "model":"laudo.examelaudo",
      "pk":36,
      "fields":{
         "laudo":4,
         "item_exame":3,
         "data_cadastro":"2017-07-14T10:24:09.566Z"
      }
   },
   {
      "model":"laudo.examelaudo",
      "pk":37,
      "fields":{
         "laudo":4,
         "item_exame":16,
         "data_cadastro":"2017-07-14T10:24:09.570Z"
      }
   },
   {
      "model":"laudo.examelaudo",
      "pk":38,
      "fields":{
         "laudo":4,
         "item_exame":19,
         "data_cadastro":"2017-07-14T10:24:09.574Z"
      }
   },
   {
      "model":"laudo.examelaudo",
      "pk":39,
      "fields":{
         "laudo":4,
         "item_exame":23,
         "data_cadastro":"2017-07-14T10:24:09.577Z"
      }
   },
   {
      "model":"laudo.examelaudo",
      "pk":40,
      "fields":{
         "laudo":4,
         "item_exame":14,
         "data_cadastro":"2017-07-14T10:24:09.581Z"
      }
   },
   {
      "model":"laudo.examelaudo",
      "pk":41,
      "fields":{
         "laudo":4,
         "item_exame":28,
         "data_cadastro":"2017-07-14T10:24:09.584Z"
      }
   },
   {
      "model":"laudo.examelaudo",
      "pk":42,
      "fields":{
         "laudo":4,
         "item_exame":27,
         "data_cadastro":"2017-07-14T10:24:09.587Z"
      }
   },
   {
      "model":"laudo.examelaudo",
      "pk":43,
      "fields":{
         "laudo":4,
         "item_exame":29,
         "data_cadastro":"2017-07-14T10:24:09.591Z"
      }
   },
   {
      "model":"laudo.examelaudo",
      "pk":44,
      "fields":{
         "laudo":5,
         "item_exame":1,
         "data_cadastro":"2017-07-14T10:29:40.258Z"
      }
   },
   {
      "model":"laudo.examelaudo",
      "pk":45,
      "fields":{
         "laudo":5,
         "item_exame":6,
         "data_cadastro":"2017-07-14T10:29:40.263Z"
      }
   },
   {
      "model":"laudo.examelaudo",
      "pk":46,
      "fields":{
         "laudo":5,
         "item_exame":3,
         "data_cadastro":"2017-07-14T10:29:40.267Z"
      }
   },
   {
      "model":"laudo.examelaudo",
      "pk":47,
      "fields":{
         "laudo":5,
         "item_exame":16,
         "data_cadastro":"2017-07-14T10:29:40.271Z"
      }
   },
   {
      "model":"laudo.examelaudo",
      "pk":48,
      "fields":{
         "laudo":5,
         "item_exame":19,
         "data_cadastro":"2017-07-14T10:29:40.277Z"
      }
   },
   {
      "model":"laudo.examelaudo",
      "pk":49,
      "fields":{
         "laudo":5,
         "item_exame":23,
         "data_cadastro":"2017-07-14T10:29:40.281Z"
      }
   },
   {
      "model":"laudo.examelaudo",
      "pk":50,
      "fields":{
         "laudo":5,
         "item_exame":14,
         "data_cadastro":"2017-07-14T10:29:40.286Z"
      }
   },
   {
      "model":"laudo.examelaudo",
      "pk":51,
      "fields":{
         "laudo":5,
         "item_exame":28,
         "data_cadastro":"2017-07-14T10:29:40.291Z"
      }
   },
   {
      "model":"laudo.examelaudo",
      "pk":52,
      "fields":{
         "laudo":5,
         "item_exame":27,
         "data_cadastro":"2017-07-14T10:29:40.295Z"
      }
   },
   {
      "model":"laudo.examelaudo",
      "pk":53,
      "fields":{
         "laudo":5,
         "item_exame":29,
         "data_cadastro":"2017-07-14T10:29:40.298Z"
      }
   },
   {
      "model":"laudo.examelaudo",
      "pk":54,
      "fields":{
         "laudo":6,
         "item_exame":1,
         "data_cadastro":"2017-07-24T11:25:12.632Z"
      }
   },
   {
      "model":"laudo.examelaudo",
      "pk":55,
      "fields":{
         "laudo":6,
         "item_exame":6,
         "data_cadastro":"2017-07-24T11:25:12.636Z"
      }
   },
   {
      "model":"laudo.examelaudo",
      "pk":56,
      "fields":{
         "laudo":6,
         "item_exame":3,
         "data_cadastro":"2017-07-24T11:25:12.642Z"
      }
   },
   {
      "model":"laudo.examelaudo",
      "pk":57,
      "fields":{
         "laudo":6,
         "item_exame":18,
         "data_cadastro":"2017-07-24T11:25:12.648Z"
      }
   },
   {
      "model":"laudo.examelaudo",
      "pk":58,
      "fields":{
         "laudo":6,
         "item_exame":20,
         "data_cadastro":"2017-07-24T11:25:12.651Z"
      }
   },
   {
      "model":"laudo.examelaudo",
      "pk":59,
      "fields":{
         "laudo":6,
         "item_exame":36,
         "data_cadastro":"2017-07-24T11:25:12.654Z"
      }
   },
   {
      "model":"laudo.examelaudo",
      "pk":60,
      "fields":{
         "laudo":6,
         "item_exame":37,
         "data_cadastro":"2017-07-24T11:25:12.657Z"
      }
   },
   {
      "model":"laudo.examelaudo",
      "pk":61,
      "fields":{
         "laudo":6,
         "item_exame":11,
         "data_cadastro":"2017-07-24T11:25:12.660Z"
      }
   },
   {
      "model":"laudo.examelaudo",
      "pk":62,
      "fields":{
         "laudo":6,
         "item_exame":28,
         "data_cadastro":"2017-07-24T11:25:12.663Z"
      }
   },
   {
      "model":"laudo.examelaudo",
      "pk":63,
      "fields":{
         "laudo":6,
         "item_exame":27,
         "data_cadastro":"2017-07-24T11:25:12.666Z"
      }
   },
   {
      "model":"laudo.examelaudo",
      "pk":64,
      "fields":{
         "laudo":6,
         "item_exame":30,
         "data_cadastro":"2017-07-24T11:25:12.669Z"
      }
   },
   {
      "model":"laudo.examelaudo",
      "pk":65,
      "fields":{
         "laudo":6,
         "item_exame":29,
         "data_cadastro":"2017-07-24T11:25:12.672Z"
      }
   },
   {
      "model":"laudo.examelaudo",
      "pk":66,
      "fields":{
         "laudo":7,
         "item_exame":1,
         "data_cadastro":"2017-08-05T12:19:14.472Z"
      }
   },
   {
      "model":"laudo.examelaudo",
      "pk":67,
      "fields":{
         "laudo":7,
         "item_exame":6,
         "data_cadastro":"2017-08-05T12:19:14.475Z"
      }
   },
   {
      "model":"laudo.examelaudo",
      "pk":68,
      "fields":{
         "laudo":7,
         "item_exame":3,
         "data_cadastro":"2017-08-05T12:19:14.481Z"
      }
   },
   {
      "model":"laudo.examelaudo",
      "pk":69,
      "fields":{
         "laudo":7,
         "item_exame":4,
         "data_cadastro":"2017-08-05T12:19:14.483Z"
      }
   },
   {
      "model":"laudo.examelaudo",
      "pk":70,
      "fields":{
         "laudo":7,
         "item_exame":18,
         "data_cadastro":"2017-08-05T12:19:14.486Z"
      }
   },
   {
      "model":"laudo.examelaudo",
      "pk":71,
      "fields":{
         "laudo":7,
         "item_exame":20,
         "data_cadastro":"2017-08-05T12:19:14.489Z"
      }
   },
   {
      "model":"laudo.examelaudo",
      "pk":72,
      "fields":{
         "laudo":7,
         "item_exame":37,
         "data_cadastro":"2017-08-05T12:19:14.491Z"
      }
   },
   {
      "model":"laudo.examelaudo",
      "pk":73,
      "fields":{
         "laudo":7,
         "item_exame":11,
         "data_cadastro":"2017-08-05T12:19:14.494Z"
      }
   },
   {
      "model":"laudo.examelaudo",
      "pk":74,
      "fields":{
         "laudo":7,
         "item_exame":28,
         "data_cadastro":"2017-08-05T12:19:14.496Z"
      }
   },
   {
      "model":"laudo.examelaudo",
      "pk":75,
      "fields":{
         "laudo":7,
         "item_exame":27,
         "data_cadastro":"2017-08-05T12:19:14.498Z"
      }
   },
   {
      "model":"laudo.examelaudo",
      "pk":76,
      "fields":{
         "laudo":7,
         "item_exame":30,
         "data_cadastro":"2017-08-05T12:19:14.501Z"
      }
   },
   {
      "model":"laudo.examelaudo",
      "pk":77,
      "fields":{
         "laudo":7,
         "item_exame":29,
         "data_cadastro":"2017-08-05T12:19:14.504Z"
      }
   },
   {
      "model":"exame.exame",
      "pk":1,
      "fields":{
         "nome":1,
         "descricao":"TIPO DA AMOSTRA",
         "data_cadastro":"2017-02-11T14:30:18.872Z",
         "ativo":true,
         "ordem_exibicao":1
      }
   },
   {
      "model":"exame.exame",
      "pk":2,
      "fields":{
         "nome":1,
         "descricao":"EPIT\u00c9LIOS REPRESENTADOS NA AMOSTRA",
         "data_cadastro":"2017-02-11T14:30:28.577Z",
         "ativo":true,
         "ordem_exibicao":3
      }
   },
   {
      "model":"exame.exame",
      "pk":3,
      "fields":{
         "nome":1,
         "descricao":"ADEQUA\u00c7\u00c3O DA AMOSTRA",
         "data_cadastro":"2017-02-11T14:30:39.411Z",
         "ativo":true,
         "ordem_exibicao":2
      }
   },
   {
      "model":"exame.exame",
      "pk":5,
      "fields":{
         "nome":1,
         "descricao":"INTERPRETA\u00c7\u00c3O DOS RESULTADOS",
         "data_cadastro":"2017-03-11T15:44:44.987Z",
         "ativo":true,
         "ordem_exibicao":7
      }
   },
   {
      "model":"exame.exame",
      "pk":6,
      "fields":{
         "nome":1,
         "descricao":"MICROBIOLOGIA",
         "data_cadastro":"2017-03-11T15:44:49.016Z",
         "ativo":true,
         "ordem_exibicao":4
      }
   },
   {
      "model":"exame.exame",
      "pk":7,
      "fields":{
         "nome":1,
         "descricao":"INFLAMA\u00c7\u00c3O",
         "data_cadastro":"2017-03-11T15:44:58.740Z",
         "ativo":true,
         "ordem_exibicao":5
      }
   },
   {
      "model":"exame.exame",
      "pk":8,
      "fields":{
         "nome":1,
         "descricao":"OUTROS ACHADOS N\u00c3O NEOPL\u00c1SICOS",
         "data_cadastro":"2017-03-11T15:45:03.301Z",
         "ativo":true,
         "ordem_exibicao":6
      }
   },
   {
      "model":"exame.exame",
      "pk":9,
      "fields":{
         "nome":1,
         "descricao":"ANORMALIDADES DE C\u00c9LULAS EPITELIAIS",
         "data_cadastro":"2017-03-11T15:45:11.719Z",
         "ativo":true,
         "ordem_exibicao":8
      }
   },
   {
      "model":"exame.exame",
      "pk":10,
      "fields":{
         "nome":1,
         "descricao":"CONCLUS\u00c3O",
         "data_cadastro":"2017-03-11T15:45:20.728Z",
         "ativo":true,
         "ordem_exibicao":9
      }
   },
   {
      "model":"exame.itemexame",
      "pk":1,
      "fields":{
         "exame":1,
         "descricao_item":"ESFREGA\u00c7O CONVENCIONAL",
         "data_cadastro":"2017-02-11T14:34:45.729Z",
         "ativo":true
      }
   },
   {
      "model":"exame.itemexame",
      "pk":2,
      "fields":{
         "exame":1,
         "descricao_item":"CITOLOGIA L\u00cdQUIDA",
         "data_cadastro":"2017-02-11T14:34:57.682Z",
         "ativo":true
      }
   },
   {
      "model":"exame.itemexame",
      "pk":3,
      "fields":{
         "exame":2,
         "descricao_item":"ESCAMOSO",
         "data_cadastro":"2017-02-11T14:37:09.772Z",
         "ativo":true
      }
   },
   {
      "model":"exame.itemexame",
      "pk":4,
      "fields":{
         "exame":2,
         "descricao_item":"GLANDULAR",
         "data_cadastro":"2017-02-11T14:37:29.040Z",
         "ativo":true
      }
   },
   {
      "model":"exame.itemexame",
      "pk":5,
      "fields":{
         "exame":2,
         "descricao_item":"METAPL\u00c1SICO",
         "data_cadastro":"2017-02-11T14:37:43.929Z",
         "ativo":true
      }
   },
   {
      "model":"exame.itemexame",
      "pk":6,
      "fields":{
         "exame":3,
         "descricao_item":"SATISFAT\u00d3RIA",
         "data_cadastro":"2017-02-16T23:16:38.925Z",
         "ativo":true
      }
   },
   {
      "model":"exame.itemexame",
      "pk":7,
      "fields":{
         "exame":3,
         "descricao_item":"INSATISFAT\u00d3RIA",
         "data_cadastro":"2017-02-16T23:18:32.790Z",
         "ativo":true
      }
   },
   {
      "model":"exame.itemexame",
      "pk":8,
      "fields":{
         "exame":3,
         "descricao_item":"LIMITADA",
         "data_cadastro":"2017-02-16T23:18:37.985Z",
         "ativo":true
      }
   },
   {
      "model":"exame.itemexame",
      "pk":11,
      "fields":{
         "exame":5,
         "descricao_item":"EPIT\u00c9LIO PAVIMENTOSO REPRESENTADO POR C\u00c9LULAS ESCAMOSAS DE PADR\u00c3O INTERMEDI\u00c1RIO",
         "data_cadastro":"2017-03-11T15:45:55.160Z",
         "ativo":true
      }
   },
   {
      "model":"exame.itemexame",
      "pk":12,
      "fields":{
         "exame":5,
         "descricao_item":"EPIT\u00c9LIO PAVIMENTOSO REPRESENTADO POR C\u00c9LULAS ESCAMOSAS DE PADR\u00c3O INTERMEDI\u00c1RIO CITOL\u00cdTICO",
         "data_cadastro":"2017-03-11T15:46:03.342Z",
         "ativo":true
      }
   },
   {
      "model":"exame.itemexame",
      "pk":13,
      "fields":{
         "exame":5,
         "descricao_item":"EPIT\u00c9LIO PAVIMENTOSO REPRESENTADO POR C\u00c9LULAS ESCAMOSAS DE PADR\u00c3O PARABASAL ATR\u00d3FICO",
         "data_cadastro":"2017-03-11T15:46:12.222Z",
         "ativo":true
      }
   },
   {
      "model":"exame.itemexame",
      "pk":14,
      "fields":{
         "exame":5,
         "descricao_item":"EPIT\u00c9LIO PAVIMENTOSO REPRESENTADO POR C\u00c9LULAS ESCAMOSAS DE PADR\u00c3O SUPERFICIAL E INTERMEDI\u00c1RIO",
         "data_cadastro":"2017-03-11T15:46:21.374Z",
         "ativo":true
      }
   },
   {
      "model":"exame.itemexame",
      "pk":15,
      "fields":{
         "exame":5,
         "descricao_item":"EPIT\u00c9LIO PAVIMENTOSO REPRESENTADO POR C\u00c9LULAS ESCAMOSAS DE PADR\u00c3O SUPERFICIAL",
         "data_cadastro":"2017-03-11T15:46:31.084Z",
         "ativo":true
      }
   },
   {
      "model":"exame.itemexame",
      "pk":16,
      "fields":{
         "exame":6,
         "descricao_item":"FLORA MICROBIOL\u00d3GICA COMPOSTA POR BACILOS DE D\u00f6derlein",
         "data_cadastro":"2017-03-11T15:46:38.348Z",
         "ativo":true
      }
   },
   {
      "model":"exame.itemexame",
      "pk":17,
      "fields":{
         "exame":6,
         "descricao_item":"FLORA MICROBIOL\u00d3GICA COMPOSTA POR COCOBACILOS SUGESTIVOS DE Gardnerella Vaginalis",
         "data_cadastro":"2017-03-11T15:46:45.246Z",
         "ativo":true
      }
   },
   {
      "model":"exame.itemexame",
      "pk":18,
      "fields":{
         "exame":6,
         "descricao_item":"FLORA MICROBIOL\u00d3GICA COMPOSTA POR COCOS",
         "data_cadastro":"2017-03-11T15:46:51.471Z",
         "ativo":true
      }
   },
   {
      "model":"exame.itemexame",
      "pk":19,
      "fields":{
         "exame":7,
         "descricao_item":"PRESEN\u00c7A DE RAROS POLIMORFONUCLEARES",
         "data_cadastro":"2017-03-11T15:47:10.296Z",
         "ativo":true
      }
   },
   {
      "model":"exame.itemexame",
      "pk":20,
      "fields":{
         "exame":7,
         "descricao_item":"PRESEN\u00c7A DISCRETA DE POLIMORFONUCLEARES",
         "data_cadastro":"2017-03-11T15:47:17.750Z",
         "ativo":true
      }
   },
   {
      "model":"exame.itemexame",
      "pk":21,
      "fields":{
         "exame":7,
         "descricao_item":"PRESEN\u00c7A MODERADA DE POLIMORFONUCLEARES",
         "data_cadastro":"2017-03-11T15:47:37.300Z",
         "ativo":true
      }
   },
   {
      "model":"exame.itemexame",
      "pk":22,
      "fields":{
         "exame":7,
         "descricao_item":"PRESEN\u00c7A ACENTUADA DE POLIMORFONUCLEARES",
         "data_cadastro":"2017-03-11T15:47:46.271Z",
         "ativo":true
      }
   },
   {
      "model":"exame.itemexame",
      "pk":23,
      "fields":{
         "exame":8,
         "descricao_item":"C\u00c9LULAS EPITELIAIS SEM ALTERA\u00c7\u00d5ES SIGNIFICATIVAS",
         "data_cadastro":"2017-03-11T15:47:54.084Z",
         "ativo":true
      }
   },
   {
      "model":"exame.itemexame",
      "pk":24,
      "fields":{
         "exame":8,
         "descricao_item":"PRESEN\u00c7A DE METAPLASIA ESCAMOSA",
         "data_cadastro":"2017-03-11T15:48:16.418Z",
         "ativo":true
      }
   },
   {
      "model":"exame.itemexame",
      "pk":25,
      "fields":{
         "exame":8,
         "descricao_item":"PRESEN\u00c7A DE HEM\u00c1CIAS",
         "data_cadastro":"2017-03-11T15:48:22.703Z",
         "ativo":true
      }
   },
   {
      "model":"exame.itemexame",
      "pk":26,
      "fields":{
         "exame":8,
         "descricao_item":"PRESEN\u00c7A DE C\u00c9LULAS ENDOMETRIAIS",
         "data_cadastro":"2017-03-11T15:48:31.250Z",
         "ativo":true
      }
   },
   {
      "model":"exame.itemexame",
      "pk":27,
      "fields":{
         "exame":9,
         "descricao_item":"N\u00c3O FOI EVIDENCIADO A PRESEN\u00c7A DE PROTOZO\u00c1RIOS E INCLUS\u00d5ES CLAMIDAIS",
         "data_cadastro":"2017-03-11T15:48:39.282Z",
         "ativo":true
      }
   },
   {
      "model":"exame.itemexame",
      "pk":28,
      "fields":{
         "exame":9,
         "descricao_item":"AUS\u00caNCIA DE EFEITOS CITOP\u00c1TICOS SUGESTIVO DE INFEC\u00c7\u00c3O PELO HPV",
         "data_cadastro":"2017-03-11T15:48:46.695Z",
         "ativo":true
      }
   },
   {
      "model":"exame.itemexame",
      "pk":29,
      "fields":{
         "exame":10,
         "descricao_item":"NEGATIVO PARA LES\u00d5ES INTRA EPITELIAIS OU MALIGNIDADE",
         "data_cadastro":"2017-03-11T15:48:54.077Z",
         "ativo":true
      }
   },
   {
      "model":"exame.itemexame",
      "pk":30,
      "fields":{
         "exame":10,
         "descricao_item":"ESFREGA\u00c7O INFLAMAT\u00d3RIO DISCRETO",
         "data_cadastro":"2017-03-11T15:49:03.658Z",
         "ativo":true
      }
   },
   {
      "model":"exame.itemexame",
      "pk":31,
      "fields":{
         "exame":10,
         "descricao_item":"ESFREGA\u00c7O INFLAMAT\u00d3RIO MODERADO",
         "data_cadastro":"2017-03-11T15:49:15.063Z",
         "ativo":true
      }
   },
   {
      "model":"exame.itemexame",
      "pk":34,
      "fields":{
         "exame":10,
         "descricao_item":"ESFREGA\u00c7O INFLAMAT\u00d3RIO ACENTUADO",
         "data_cadastro":"2017-03-11T15:49:50.546Z",
         "ativo":true
      }
   },
   {
      "model":"exame.itemexame",
      "pk":35,
      "fields":{
         "exame":10,
         "descricao_item":"ESFREGA\u00c7O NORMAL CLASSE I",
         "data_cadastro":"2017-03-11T15:49:58.425Z",
         "ativo":true
      }
   },
   {
      "model":"exame.itemexame",
      "pk":36,
      "fields":{
         "exame":8,
         "descricao_item":"Presen\u00e7a de algumas c\u00e9lulas metapl\u00e1sicas",
         "data_cadastro":"2017-07-24T11:22:19.511Z",
         "ativo":true
      }
   },
   {
      "model":"exame.itemexame",
      "pk":37,
      "fields":{
         "exame":8,
         "descricao_item":"Presen\u00e7a de c\u00e9lulas parabasais e basais",
         "data_cadastro":"2017-07-24T11:23:07.268Z",
         "ativo":true
      }
   },
   {
      "model":"convenio.convenio",
      "pk":1,
      "fields":{
         "descricao":"Hospital Regional",
         "slug":"hospital-regional"
      }
   },
   {
      "model":"convenio.convenio",
      "pk":2,
      "fields":{
         "descricao":"Particular",
         "slug":"particular"
      }
   },
   {
      "model":"convenio.convenio",
      "pk":3,
      "fields":{
         "descricao":"Sistema Unico de Saude (SUS)",
         "slug":"sistema-unico-de-saude-sus"
      }
   },
   {
      "model":"convenio.convenio",
      "pk":4,
      "fields":{
         "descricao":"Unimed",
         "slug":"unimed"
      }
   },
   {
      "model":"auth.permission",
      "pk":1,
      "fields":{
         "name":"Can add log entry",
         "content_type":1,
         "codename":"add_logentry"
      }
   },
   {
      "model":"auth.permission",
      "pk":2,
      "fields":{
         "name":"Can change log entry",
         "content_type":1,
         "codename":"change_logentry"
      }
   },
   {
      "model":"auth.permission",
      "pk":3,
      "fields":{
         "name":"Can delete log entry",
         "content_type":1,
         "codename":"delete_logentry"
      }
   },
   {
      "model":"auth.permission",
      "pk":4,
      "fields":{
         "name":"Can add group",
         "content_type":2,
         "codename":"add_group"
      }
   },
   {
      "model":"auth.permission",
      "pk":5,
      "fields":{
         "name":"Can change group",
         "content_type":2,
         "codename":"change_group"
      }
   },
   {
      "model":"auth.permission",
      "pk":6,
      "fields":{
         "name":"Can delete group",
         "content_type":2,
         "codename":"delete_group"
      }
   },
   {
      "model":"auth.permission",
      "pk":7,
      "fields":{
         "name":"Can add permission",
         "content_type":3,
         "codename":"add_permission"
      }
   },
   {
      "model":"auth.permission",
      "pk":8,
      "fields":{
         "name":"Can change permission",
         "content_type":3,
         "codename":"change_permission"
      }
   },
   {
      "model":"auth.permission",
      "pk":9,
      "fields":{
         "name":"Can delete permission",
         "content_type":3,
         "codename":"delete_permission"
      }
   },
   {
      "model":"auth.permission",
      "pk":10,
      "fields":{
         "name":"Can add content type",
         "content_type":4,
         "codename":"add_contenttype"
      }
   },
   {
      "model":"auth.permission",
      "pk":11,
      "fields":{
         "name":"Can change content type",
         "content_type":4,
         "codename":"change_contenttype"
      }
   },
   {
      "model":"auth.permission",
      "pk":12,
      "fields":{
         "name":"Can delete content type",
         "content_type":4,
         "codename":"delete_contenttype"
      }
   },
   {
      "model":"auth.permission",
      "pk":13,
      "fields":{
         "name":"Can add session",
         "content_type":5,
         "codename":"add_session"
      }
   },
   {
      "model":"auth.permission",
      "pk":14,
      "fields":{
         "name":"Can change session",
         "content_type":5,
         "codename":"change_session"
      }
   },
   {
      "model":"auth.permission",
      "pk":15,
      "fields":{
         "name":"Can delete session",
         "content_type":5,
         "codename":"delete_session"
      }
   },
   {
      "model":"auth.permission",
      "pk":16,
      "fields":{
         "name":"Can add Endere\u00e7o",
         "content_type":6,
         "codename":"add_pacienteendereco"
      }
   },
   {
      "model":"auth.permission",
      "pk":17,
      "fields":{
         "name":"Can change Endere\u00e7o",
         "content_type":6,
         "codename":"change_pacienteendereco"
      }
   },
   {
      "model":"auth.permission",
      "pk":18,
      "fields":{
         "name":"Can delete Endere\u00e7o",
         "content_type":6,
         "codename":"delete_pacienteendereco"
      }
   },
   {
      "model":"auth.permission",
      "pk":19,
      "fields":{
         "name":"Can add Paciente",
         "content_type":7,
         "codename":"add_paciente"
      }
   },
   {
      "model":"auth.permission",
      "pk":20,
      "fields":{
         "name":"Can change Paciente",
         "content_type":7,
         "codename":"change_paciente"
      }
   },
   {
      "model":"auth.permission",
      "pk":21,
      "fields":{
         "name":"Can delete Paciente",
         "content_type":7,
         "codename":"delete_paciente"
      }
   },
   {
      "model":"auth.permission",
      "pk":22,
      "fields":{
         "name":"Can add Usu\u00e1rio",
         "content_type":8,
         "codename":"add_user"
      }
   },
   {
      "model":"auth.permission",
      "pk":23,
      "fields":{
         "name":"Can change Usu\u00e1rio",
         "content_type":8,
         "codename":"change_user"
      }
   },
   {
      "model":"auth.permission",
      "pk":24,
      "fields":{
         "name":"Can delete Usu\u00e1rio",
         "content_type":8,
         "codename":"delete_user"
      }
   },
   {
      "model":"auth.permission",
      "pk":25,
      "fields":{
         "name":"Can add M\u00e9dico",
         "content_type":9,
         "codename":"add_medico"
      }
   },
   {
      "model":"auth.permission",
      "pk":26,
      "fields":{
         "name":"Can change M\u00e9dico",
         "content_type":9,
         "codename":"change_medico"
      }
   },
   {
      "model":"auth.permission",
      "pk":27,
      "fields":{
         "name":"Can delete M\u00e9dico",
         "content_type":9,
         "codename":"delete_medico"
      }
   },
   {
      "model":"auth.permission",
      "pk":28,
      "fields":{
         "name":"Can add Exame Laudo",
         "content_type":10,
         "codename":"add_examelaudo"
      }
   },
   {
      "model":"auth.permission",
      "pk":29,
      "fields":{
         "name":"Can change Exame Laudo",
         "content_type":10,
         "codename":"change_examelaudo"
      }
   },
   {
      "model":"auth.permission",
      "pk":30,
      "fields":{
         "name":"Can delete Exame Laudo",
         "content_type":10,
         "codename":"delete_examelaudo"
      }
   },
   {
      "model":"auth.permission",
      "pk":31,
      "fields":{
         "name":"Can add Assinador",
         "content_type":11,
         "codename":"add_assinadoreletronico"
      }
   },
   {
      "model":"auth.permission",
      "pk":32,
      "fields":{
         "name":"Can change Assinador",
         "content_type":11,
         "codename":"change_assinadoreletronico"
      }
   },
   {
      "model":"auth.permission",
      "pk":33,
      "fields":{
         "name":"Can delete Assinador",
         "content_type":11,
         "codename":"delete_assinadoreletronico"
      }
   },
   {
      "model":"auth.permission",
      "pk":34,
      "fields":{
         "name":"Can add Laudo",
         "content_type":12,
         "codename":"add_laudo"
      }
   },
   {
      "model":"auth.permission",
      "pk":35,
      "fields":{
         "name":"Can change Laudo",
         "content_type":12,
         "codename":"change_laudo"
      }
   },
   {
      "model":"auth.permission",
      "pk":36,
      "fields":{
         "name":"Can delete Laudo",
         "content_type":12,
         "codename":"delete_laudo"
      }
   },
   {
      "model":"auth.permission",
      "pk":37,
      "fields":{
         "name":"Can add Exame do Laudo",
         "content_type":13,
         "codename":"add_exame"
      }
   },
   {
      "model":"auth.permission",
      "pk":38,
      "fields":{
         "name":"Can change Exame do Laudo",
         "content_type":13,
         "codename":"change_exame"
      }
   },
   {
      "model":"auth.permission",
      "pk":39,
      "fields":{
         "name":"Can delete Exame do Laudo",
         "content_type":13,
         "codename":"delete_exame"
      }
   },
   {
      "model":"auth.permission",
      "pk":40,
      "fields":{
         "name":"Can add Item exame",
         "content_type":14,
         "codename":"add_itemexame"
      }
   },
   {
      "model":"auth.permission",
      "pk":41,
      "fields":{
         "name":"Can change Item exame",
         "content_type":14,
         "codename":"change_itemexame"
      }
   },
   {
      "model":"auth.permission",
      "pk":42,
      "fields":{
         "name":"Can delete Item exame",
         "content_type":14,
         "codename":"delete_itemexame"
      }
   },
   {
      "model":"auth.permission",
      "pk":43,
      "fields":{
         "name":"Can add Convenio",
         "content_type":15,
         "codename":"add_convenio"
      }
   },
   {
      "model":"auth.permission",
      "pk":44,
      "fields":{
         "name":"Can change Convenio",
         "content_type":15,
         "codename":"change_convenio"
      }
   },
   {
      "model":"auth.permission",
      "pk":45,
      "fields":{
         "name":"Can delete Convenio",
         "content_type":15,
         "codename":"delete_convenio"
      }
   },
   {
      "model":"auth.permission",
      "pk":49,
      "fields":{
         "name":"Can add Exame do Laudo",
         "content_type":13,
         "codename":"add_tipoexame"
      }
   },
   {
      "model":"auth.permission",
      "pk":50,
      "fields":{
         "name":"Can change Exame do Laudo",
         "content_type":13,
         "codename":"change_tipoexame"
      }
   },
   {
      "model":"auth.permission",
      "pk":51,
      "fields":{
         "name":"Can delete Exame do Laudo",
         "content_type":13,
         "codename":"delete_tipoexame"
      }
   },
   {
      "model":"accounts.user",
      "pk":1,
      "fields":{
         "password":"pbkdf2_sha256$30000$3QHqprNiPfeb$/8G6ZwpZ9P6Hfv5asAF++zLuHKPOTAmIFlDX46l3RfU=",
         "last_login":"2017-08-09T23:11:34.393Z",
         "is_superuser":true,
         "username":"admin",
         "name":"Leonardo Nascimento Cintra",
         "email":"leonardo.ncintra@outlook.com",
         "is_staff":true,
         "is_active":true,
         "date_joined":"2017-03-28T03:13:47.226Z",
         "groups":[

         ],
         "user_permissions":[

         ]
      }
   },
   {
      "model":"accounts.user",
      "pk":2,
      "fields":{
         "password":"pbkdf2_sha256$30000$rQe38KtPpsKH$Qk1ew0uxjh6q6r94scKtmtkNVNwTcx8IfnsLOjS0WmA=",
         "last_login":"2017-08-05T12:10:54.383Z",
         "is_superuser":false,
         "username":"michelle",
         "name":"Michelle Belchior Ramos Te\u00f3filo de Carvalho",
         "email":"mi.carvalho10@hotmail.com",
         "is_staff":false,
         "is_active":true,
         "date_joined":"2017-03-29T01:48:08.674Z",
         "groups":[

         ],
         "user_permissions":[

         ]
      }
   },
   {
      "model":"accounts.user",
      "pk":3,
      "fields":{
         "password":"pbkdf2_sha256$30000$xQNZin3fZ3CM$Y0Izu5JNtATErVy4hXPZxkndkzNrUBwAuWOK+mNNll8=",
         "last_login":"2017-06-10T18:21:18.673Z",
         "is_superuser":false,
         "username":"marcio",
         "name":"M\u00e1rcio Gimenes Fran\u00e7a",
         "email":"marcio@coloaremail.com",
         "is_staff":false,
         "is_active":true,
         "date_joined":"2017-03-29T01:49:11.760Z",
         "groups":[

         ],
         "user_permissions":[

         ]
      }
   },
   {
      "model":"accounts.user",
      "pk":4,
      "fields":{
         "password":"pbkdf2_sha256$30000$8hZN2yVlJaSt$4zFp8FCWh0OfUT4YjtF+lUv2TJIwxu9iPD6Btx49M6o=",
         "last_login":null,
         "is_superuser":false,
         "username":"maurilio",
         "name":"Maurilio Carvalho",
         "email":"maurilio@colocaremail.com",
         "is_staff":false,
         "is_active":true,
         "date_joined":"2017-05-04T00:38:07.094Z",
         "groups":[

         ],
         "user_permissions":[

         ]
      }
   },
   {
      "model":"laudo.assinadoreletronico",
      "pk":1,
      "fields":{
         "user":2,
         "nome_exibir":"Dra. Michelle B. R. T. Carvalho",
         "profissao":"Biom\u00e9dica Citologista",
         "registro_federal":"CRBM3 1429",
         "data_cadastro":"2017-03-29T01:48:44.381Z",
         "data_atualizacao":"2017-03-29T12:45:07.432Z",
         "foto_assinatura":"image/upload/v1490791507/nilvfsjv31nwhwi3em3f.jpg"
      }
   },
   {
      "model":"laudo.assinadoreletronico",
      "pk":2,
      "fields":{
         "user":3,
         "nome_exibir":"Dr. M\u00e1rcio Gimenes Fran\u00e7a",
         "profissao":"Biom\u00e9dico Citologista",
         "registro_federal":"CRBM 8803/SBCC 768",
         "data_cadastro":"2017-03-29T01:49:57.749Z",
         "data_atualizacao":"2017-03-29T12:45:36.340Z",
         "foto_assinatura":"image/upload/v1490791536/py0kmzkefxflm8gh3set.jpg"
      }
   },
   {
      "model":"admin.logentry",
      "pk":1,
      "fields":{
         "action_time":"2017-03-29T01:48:08.676Z",
         "user":1,
         "content_type":8,
         "object_id":"2",
         "object_repr":"michelle",
         "action_flag":1,
         "change_message":"[{\"added\": {}}]"
      }
   },
   {
      "model":"admin.logentry",
      "pk":2,
      "fields":{
         "action_time":"2017-03-29T01:48:24.534Z",
         "user":1,
         "content_type":8,
         "object_id":"2",
         "object_repr":"Michelle Ramos Carvalho",
         "action_flag":2,
         "change_message":"[{\"changed\": {\"fields\": [\"name\"]}}]"
      }
   },
   {
      "model":"admin.logentry",
      "pk":3,
      "fields":{
         "action_time":"2017-03-29T01:48:44.385Z",
         "user":1,
         "content_type":11,
         "object_id":"1",
         "object_repr":"michelle - Michelle Ramos Carvalho",
         "action_flag":1,
         "change_message":"[{\"added\": {}}]"
      }
   },
   {
      "model":"admin.logentry",
      "pk":4,
      "fields":{
         "action_time":"2017-03-29T01:49:11.762Z",
         "user":1,
         "content_type":8,
         "object_id":"3",
         "object_repr":"marcio",
         "action_flag":1,
         "change_message":"[{\"added\": {}}]"
      }
   },
   {
      "model":"admin.logentry",
      "pk":5,
      "fields":{
         "action_time":"2017-03-29T01:49:27.921Z",
         "user":1,
         "content_type":8,
         "object_id":"3",
         "object_repr":"Marcio Gimenes Fran\u00e7a",
         "action_flag":2,
         "change_message":"[{\"changed\": {\"fields\": [\"name\"]}}]"
      }
   },
   {
      "model":"admin.logentry",
      "pk":6,
      "fields":{
         "action_time":"2017-03-29T01:49:41.189Z",
         "user":1,
         "content_type":8,
         "object_id":"3",
         "object_repr":"M\u00e1rcio Gimenes Fran\u00e7a",
         "action_flag":2,
         "change_message":"[{\"changed\": {\"fields\": [\"name\"]}}]"
      }
   },
   {
      "model":"admin.logentry",
      "pk":7,
      "fields":{
         "action_time":"2017-03-29T01:49:57.751Z",
         "user":1,
         "content_type":11,
         "object_id":"2",
         "object_repr":"marcio - M\u00e1rcio Gimenes Fran\u00e7a",
         "action_flag":1,
         "change_message":"[{\"added\": {}}]"
      }
   },
   {
      "model":"admin.logentry",
      "pk":8,
      "fields":{
         "action_time":"2017-03-29T03:01:46.847Z",
         "user":1,
         "content_type":11,
         "object_id":"2",
         "object_repr":"marcio - M\u00e1rcio Gimenes Fran\u00e7a",
         "action_flag":2,
         "change_message":"[{\"changed\": {\"fields\": [\"foto_assinatura\"]}}]"
      }
   },
   {
      "model":"admin.logentry",
      "pk":9,
      "fields":{
         "action_time":"2017-03-29T03:02:02.192Z",
         "user":1,
         "content_type":11,
         "object_id":"1",
         "object_repr":"michelle - Michelle Ramos Carvalho",
         "action_flag":2,
         "change_message":"[{\"changed\": {\"fields\": [\"foto_assinatura\"]}}]"
      }
   },
   {
      "model":"admin.logentry",
      "pk":10,
      "fields":{
         "action_time":"2017-03-29T12:45:07.655Z",
         "user":1,
         "content_type":11,
         "object_id":"1",
         "object_repr":"michelle - Michelle Ramos Carvalho",
         "action_flag":2,
         "change_message":"[{\"changed\": {\"fields\": [\"foto_assinatura\"]}}]"
      }
   },
   {
      "model":"admin.logentry",
      "pk":11,
      "fields":{
         "action_time":"2017-03-29T12:45:36.496Z",
         "user":1,
         "content_type":11,
         "object_id":"2",
         "object_repr":"marcio - M\u00e1rcio Gimenes Fran\u00e7a",
         "action_flag":2,
         "change_message":"[{\"changed\": {\"fields\": [\"foto_assinatura\"]}}]"
      }
   },
   {
      "model":"admin.logentry",
      "pk":12,
      "fields":{
         "action_time":"2017-04-19T12:27:58.035Z",
         "user":1,
         "content_type":8,
         "object_id":"3",
         "object_repr":"M\u00e1rcio Gimenes Fran\u00e7a",
         "action_flag":2,
         "change_message":"[{\"changed\": {\"fields\": [\"is_active\"]}}]"
      }
   },
   {
      "model":"admin.logentry",
      "pk":13,
      "fields":{
         "action_time":"2017-04-19T12:28:04.457Z",
         "user":1,
         "content_type":8,
         "object_id":"2",
         "object_repr":"Michelle Ramos Carvalho",
         "action_flag":2,
         "change_message":"[{\"changed\": {\"fields\": [\"is_active\"]}}]"
      }
   },
   {
      "model":"admin.logentry",
      "pk":14,
      "fields":{
         "action_time":"2017-04-27T12:36:08.825Z",
         "user":1,
         "content_type":8,
         "object_id":"2",
         "object_repr":"Michelle Ramos Carvalho",
         "action_flag":2,
         "change_message":"[{\"changed\": {\"fields\": [\"is_active\"]}}]"
      }
   },
   {
      "model":"admin.logentry",
      "pk":15,
      "fields":{
         "action_time":"2017-04-27T12:36:14.722Z",
         "user":1,
         "content_type":8,
         "object_id":"3",
         "object_repr":"M\u00e1rcio Gimenes Fran\u00e7a",
         "action_flag":2,
         "change_message":"[{\"changed\": {\"fields\": [\"is_active\"]}}]"
      }
   },
   {
      "model":"admin.logentry",
      "pk":16,
      "fields":{
         "action_time":"2017-05-04T00:38:07.097Z",
         "user":1,
         "content_type":8,
         "object_id":"4",
         "object_repr":"maurilio",
         "action_flag":1,
         "change_message":"[{\"added\": {}}]"
      }
   },
   {
      "model":"admin.logentry",
      "pk":17,
      "fields":{
         "action_time":"2017-05-04T00:38:17.567Z",
         "user":1,
         "content_type":8,
         "object_id":"4",
         "object_repr":"Maurilio Carvalho",
         "action_flag":2,
         "change_message":"[{\"changed\": {\"fields\": [\"name\"]}}]"
      }
   },
   {
      "model":"admin.logentry",
      "pk":18,
      "fields":{
         "action_time":"2017-05-04T01:03:19.580Z",
         "user":1,
         "content_type":15,
         "object_id":"1",
         "object_repr":"Hospital Regional",
         "action_flag":1,
         "change_message":"[{\"added\": {}}]"
      }
   },
   {
      "model":"admin.logentry",
      "pk":19,
      "fields":{
         "action_time":"2017-05-04T01:03:25.351Z",
         "user":1,
         "content_type":15,
         "object_id":"2",
         "object_repr":"Particular",
         "action_flag":1,
         "change_message":"[{\"added\": {}}]"
      }
   },
   {
      "model":"admin.logentry",
      "pk":20,
      "fields":{
         "action_time":"2017-05-04T01:03:33.684Z",
         "user":1,
         "content_type":15,
         "object_id":"3",
         "object_repr":"Sistema Unico de Saude (SUS)",
         "action_flag":1,
         "change_message":"[{\"added\": {}}]"
      }
   },
   {
      "model":"admin.logentry",
      "pk":21,
      "fields":{
         "action_time":"2017-05-04T01:03:39.352Z",
         "user":1,
         "content_type":15,
         "object_id":"4",
         "object_repr":"Unimed",
         "action_flag":1,
         "change_message":"[{\"added\": {}}]"
      }
   },
   {
      "model":"admin.logentry",
      "pk":22,
      "fields":{
         "action_time":"2017-06-10T16:48:10.542Z",
         "user":1,
         "content_type":null,
         "object_id":"1",
         "object_repr":"Exame Citopatol\u00f3gico Cervical Uterino",
         "action_flag":1,
         "change_message":"[{\"added\": {}}]"
      }
   },
   {
      "model":"admin.logentry",
      "pk":23,
      "fields":{
         "action_time":"2017-06-10T16:48:15.431Z",
         "user":1,
         "content_type":null,
         "object_id":"2",
         "object_repr":"Urina Rotina - M\u00e9todo Convencional",
         "action_flag":1,
         "change_message":"[{\"added\": {}}]"
      }
   }
]