[
{
    "model": "exame.exame",
    "pk": 1,
    "fields": {
        "nome": 1,
        "descricao": "TIPO DA AMOSTRA",
        "data_cadastro": "2017-02-11T14:30:18.872Z",
        "ativo": true,
        "ordem_exibicao": 1
    }
},
{
    "model": "exame.exame",
    "pk": 2,
    "fields": {
        "nome": 1,
        "descricao": "EPIT\u00c9LIOS REPRESENTADOS NA AMOSTRA",
        "data_cadastro": "2017-02-11T14:30:28.577Z",
        "ativo": true,
        "ordem_exibicao": 3
    }
},
{
    "model": "exame.exame",
    "pk": 3,
    "fields": {
        "nome": 1,
        "descricao": "ADEQUA\u00c7\u00c3O DA AMOSTRA",
        "data_cadastro": "2017-02-11T14:30:39.411Z",
        "ativo": true,
        "ordem_exibicao": 2
    }
},
{
    "model": "exame.exame",
    "pk": 5,
    "fields": {
        "nome": 1,
        "descricao": "INTERPRETA\u00c7\u00c3O DOS RESULTADOS",
        "data_cadastro": "2017-03-11T15:44:44.987Z",
        "ativo": true,
        "ordem_exibicao": 7
    }
},
{
    "model": "exame.exame",
    "pk": 6,
    "fields": {
        "nome": 1,
        "descricao": "MICROBIOLOGIA",
        "data_cadastro": "2017-03-11T15:44:49.016Z",
        "ativo": true,
        "ordem_exibicao": 4
    }
},
{
    "model": "exame.exame",
    "pk": 7,
    "fields": {
        "nome": 1,
        "descricao": "INFLAMA\u00c7\u00c3O",
        "data_cadastro": "2017-03-11T15:44:58.740Z",
        "ativo": true,
        "ordem_exibicao": 5
    }
},
{
    "model": "exame.exame",
    "pk": 8,
    "fields": {
        "nome": 1,
        "descricao": "OUTROS ACHADOS N\u00c3O NEOPL\u00c1SICOS",
        "data_cadastro": "2017-03-11T15:45:03.301Z",
        "ativo": true,
        "ordem_exibicao": 6
    }
},
{
    "model": "exame.exame",
    "pk": 9,
    "fields": {
        "nome": 1,
        "descricao": "ANORMALIDADES DE C\u00c9LULAS EPITELIAIS",
        "data_cadastro": "2017-03-11T15:45:11.719Z",
        "ativo": true,
        "ordem_exibicao": 8
    }
},
{
    "model": "exame.exame",
    "pk": 10,
    "fields": {
        "nome": 1,
        "descricao": "CONCLUS\u00c3O",
        "data_cadastro": "2017-03-11T15:45:20.728Z",
        "ativo": true,
        "ordem_exibicao": 9
    }
},
{
    "model": "exame.exame",
    "pk": 12,
    "fields": {
        "nome": 2,
        "descricao": "Cor",
        "data_cadastro": "2017-06-13T23:51:00.966Z",
        "ativo": true,
        "ordem_exibicao": 0
    }
},
{
    "model": "exame.exame",
    "pk": 13,
    "fields": {
        "nome": 2,
        "descricao": "Aspecto",
        "data_cadastro": "2017-06-15T00:07:57.498Z",
        "ativo": true,
        "ordem_exibicao": 0
    }
},
{
    "model": "exame.exame",
    "pk": 14,
    "fields": {
        "nome": 2,
        "descricao": "Filamentos de muco",
        "data_cadastro": "2017-06-15T00:08:14.762Z",
        "ativo": true,
        "ordem_exibicao": 0
    }
},
{
    "model": "exame.exame",
    "pk": 15,
    "fields": {
        "nome": 2,
        "descricao": "Dep\u00f3sito",
        "data_cadastro": "2017-06-15T17:35:17.818Z",
        "ativo": true,
        "ordem_exibicao": 0
    }
},
{
    "model": "exame.exame",
    "pk": 16,
    "fields": {
        "nome": 2,
        "descricao": "Rea\u00e7\u00e3o",
        "data_cadastro": "2017-06-15T17:35:27.636Z",
        "ativo": true,
        "ordem_exibicao": 0
    }
},
{
    "model": "exame.exame",
    "pk": 17,
    "fields": {
        "nome": 2,
        "descricao": "Subst\u00e2ncias redutoras",
        "data_cadastro": "2017-06-15T17:38:50.528Z",
        "ativo": true,
        "ordem_exibicao": 0
    }
},
{
    "model": "exame.exame",
    "pk": 18,
    "fields": {
        "nome": 2,
        "descricao": "Prote\u00ednas",
        "data_cadastro": "2017-06-15T17:38:59.776Z",
        "ativo": true,
        "ordem_exibicao": 0
    }
},
{
    "model": "exame.exame",
    "pk": 19,
    "fields": {
        "nome": 2,
        "descricao": "Corpos cet\u00f4nicos",
        "data_cadastro": "2017-06-15T17:39:08.781Z",
        "ativo": true,
        "ordem_exibicao": 0
    }
},
{
    "model": "exame.exame",
    "pk": 20,
    "fields": {
        "nome": 2,
        "descricao": "Urobilinog\u00eanio",
        "data_cadastro": "2017-06-15T17:39:54.571Z",
        "ativo": true,
        "ordem_exibicao": 0
    }
},
{
    "model": "exame.exame",
    "pk": 21,
    "fields": {
        "nome": 2,
        "descricao": "Bilirrubinas",
        "data_cadastro": "2017-06-15T17:40:11.145Z",
        "ativo": true,
        "ordem_exibicao": 0
    }
},
{
    "model": "exame.exame",
    "pk": 22,
    "fields": {
        "nome": 2,
        "descricao": "Nitrito",
        "data_cadastro": "2017-06-15T17:40:19.031Z",
        "ativo": true,
        "ordem_exibicao": 0
    }
},
{
    "model": "exame.exame",
    "pk": 23,
    "fields": {
        "nome": 2,
        "descricao": "Hemoglobina",
        "data_cadastro": "2017-06-15T17:40:30.879Z",
        "ativo": true,
        "ordem_exibicao": 0
    }
},
{
    "model": "exame.exame",
    "pk": 24,
    "fields": {
        "nome": 2,
        "descricao": "C\u00e9lulas epiteliais",
        "data_cadastro": "2017-06-15T18:07:19.424Z",
        "ativo": true,
        "ordem_exibicao": 0
    }
},
{
    "model": "exame.exame",
    "pk": 25,
    "fields": {
        "nome": 2,
        "descricao": "Bact\u00e9rias",
        "data_cadastro": "2017-06-15T18:07:33.910Z",
        "ativo": true,
        "ordem_exibicao": 0
    }
},
{
    "model": "exame.itemexame",
    "pk": 1,
    "fields": {
        "exame": 1,
        "descricao_item": "ESFREGA\u00c7O CONVENCIONAL",
        "data_cadastro": "2017-02-11T14:34:45.729Z",
        "ativo": true
    }
},
{
    "model": "exame.itemexame",
    "pk": 2,
    "fields": {
        "exame": 1,
        "descricao_item": "CITOLOGIA L\u00cdQUIDA",
        "data_cadastro": "2017-02-11T14:34:57.682Z",
        "ativo": true
    }
},
{
    "model": "exame.itemexame",
    "pk": 3,
    "fields": {
        "exame": 2,
        "descricao_item": "ESCAMOSO",
        "data_cadastro": "2017-02-11T14:37:09.772Z",
        "ativo": true
    }
},
{
    "model": "exame.itemexame",
    "pk": 4,
    "fields": {
        "exame": 2,
        "descricao_item": "GLANDULAR",
        "data_cadastro": "2017-02-11T14:37:29.040Z",
        "ativo": true
    }
},
{
    "model": "exame.itemexame",
    "pk": 5,
    "fields": {
        "exame": 2,
        "descricao_item": "METAPL\u00c1SICO",
        "data_cadastro": "2017-02-11T14:37:43.929Z",
        "ativo": true
    }
},
{
    "model": "exame.itemexame",
    "pk": 6,
    "fields": {
        "exame": 3,
        "descricao_item": "SATISFAT\u00d3RIA",
        "data_cadastro": "2017-02-16T23:16:38.925Z",
        "ativo": true
    }
},
{
    "model": "exame.itemexame",
    "pk": 7,
    "fields": {
        "exame": 3,
        "descricao_item": "INSATISFAT\u00d3RIA",
        "data_cadastro": "2017-02-16T23:18:32.790Z",
        "ativo": true
    }
},
{
    "model": "exame.itemexame",
    "pk": 8,
    "fields": {
        "exame": 3,
        "descricao_item": "LIMITADA",
        "data_cadastro": "2017-02-16T23:18:37.985Z",
        "ativo": true
    }
},
{
    "model": "exame.itemexame",
    "pk": 11,
    "fields": {
        "exame": 5,
        "descricao_item": "EPIT\u00c9LIO PAVIMENTOSO REPRESENTADO POR C\u00c9LULAS ESCAMOSAS DE PADR\u00c3O INTERMEDI\u00c1RIO",
        "data_cadastro": "2017-03-11T15:45:55.160Z",
        "ativo": true
    }
},
{
    "model": "exame.itemexame",
    "pk": 12,
    "fields": {
        "exame": 5,
        "descricao_item": "EPIT\u00c9LIO PAVIMENTOSO REPRESENTADO POR C\u00c9LULAS ESCAMOSAS DE PADR\u00c3O INTERMEDI\u00c1RIO CITOL\u00cdTICO",
        "data_cadastro": "2017-03-11T15:46:03.342Z",
        "ativo": true
    }
},
{
    "model": "exame.itemexame",
    "pk": 13,
    "fields": {
        "exame": 5,
        "descricao_item": "EPIT\u00c9LIO PAVIMENTOSO REPRESENTADO POR C\u00c9LULAS ESCAMOSAS DE PADR\u00c3O PARABASAL ATR\u00d3FICO",
        "data_cadastro": "2017-03-11T15:46:12.222Z",
        "ativo": true
    }
},
{
    "model": "exame.itemexame",
    "pk": 14,
    "fields": {
        "exame": 5,
        "descricao_item": "EPIT\u00c9LIO PAVIMENTOSO REPRESENTADO POR C\u00c9LULAS ESCAMOSAS DE PADR\u00c3O SUPERFICIAL E INTERMEDI\u00c1RIO",
        "data_cadastro": "2017-03-11T15:46:21.374Z",
        "ativo": true
    }
},
{
    "model": "exame.itemexame",
    "pk": 15,
    "fields": {
        "exame": 5,
        "descricao_item": "EPIT\u00c9LIO PAVIMENTOSO REPRESENTADO POR C\u00c9LULAS ESCAMOSAS DE PADR\u00c3O SUPERFICIAL",
        "data_cadastro": "2017-03-11T15:46:31.084Z",
        "ativo": true
    }
},
{
    "model": "exame.itemexame",
    "pk": 16,
    "fields": {
        "exame": 6,
        "descricao_item": "FLORA MICROBIOL\u00d3GICA COMPOSTA POR BACILOS DE D\u00f6derlein",
        "data_cadastro": "2017-03-11T15:46:38.348Z",
        "ativo": true
    }
},
{
    "model": "exame.itemexame",
    "pk": 17,
    "fields": {
        "exame": 6,
        "descricao_item": "FLORA MICROBIOL\u00d3GICA COMPOSTA POR COCOBACILOS SUGESTIVOS DE Gardnerella Vaginalis",
        "data_cadastro": "2017-03-11T15:46:45.246Z",
        "ativo": true
    }
},
{
    "model": "exame.itemexame",
    "pk": 18,
    "fields": {
        "exame": 6,
        "descricao_item": "FLORA MICROBIOL\u00d3GICA COMPOSTA POR COCOS",
        "data_cadastro": "2017-03-11T15:46:51.471Z",
        "ativo": true
    }
},
{
    "model": "exame.itemexame",
    "pk": 19,
    "fields": {
        "exame": 7,
        "descricao_item": "PRESEN\u00c7A DE RAROS POLIMORFONUCLEARES",
        "data_cadastro": "2017-03-11T15:47:10.296Z",
        "ativo": true
    }
},
{
    "model": "exame.itemexame",
    "pk": 20,
    "fields": {
        "exame": 7,
        "descricao_item": "PRESEN\u00c7A DISCRETA DE POLIMORFONUCLEARES",
        "data_cadastro": "2017-03-11T15:47:17.750Z",
        "ativo": true
    }
},
{
    "model": "exame.itemexame",
    "pk": 21,
    "fields": {
        "exame": 7,
        "descricao_item": "PRESEN\u00c7A MODERADA DE POLIMORFONUCLEARES",
        "data_cadastro": "2017-03-11T15:47:37.300Z",
        "ativo": true
    }
},
{
    "model": "exame.itemexame",
    "pk": 22,
    "fields": {
        "exame": 7,
        "descricao_item": "PRESEN\u00c7A ACENTUADA DE POLIMORFONUCLEARES",
        "data_cadastro": "2017-03-11T15:47:46.271Z",
        "ativo": true
    }
},
{
    "model": "exame.itemexame",
    "pk": 23,
    "fields": {
        "exame": 8,
        "descricao_item": "C\u00c9LULAS EPITELIAIS SEM ALTERA\u00c7\u00d5ES SIGNIFICATIVAS",
        "data_cadastro": "2017-03-11T15:47:54.084Z",
        "ativo": true
    }
},
{
    "model": "exame.itemexame",
    "pk": 24,
    "fields": {
        "exame": 8,
        "descricao_item": "PRESEN\u00c7A DE METAPLASIA ESCAMOSA",
        "data_cadastro": "2017-03-11T15:48:16.418Z",
        "ativo": true
    }
},
{
    "model": "exame.itemexame",
    "pk": 25,
    "fields": {
        "exame": 8,
        "descricao_item": "PRESEN\u00c7A DE HEM\u00c1CIAS",
        "data_cadastro": "2017-03-11T15:48:22.703Z",
        "ativo": true
    }
},
{
    "model": "exame.itemexame",
    "pk": 26,
    "fields": {
        "exame": 8,
        "descricao_item": "PRESEN\u00c7A DE C\u00c9LULAS ENDOMETRIAIS",
        "data_cadastro": "2017-03-11T15:48:31.250Z",
        "ativo": true
    }
},
{
    "model": "exame.itemexame",
    "pk": 27,
    "fields": {
        "exame": 9,
        "descricao_item": "N\u00c3O FOI EVIDENCIADO A PRESEN\u00c7A DE PROTOZO\u00c1RIOS E INCLUS\u00d5ES CLAMIDAIS",
        "data_cadastro": "2017-03-11T15:48:39.282Z",
        "ativo": true
    }
},
{
    "model": "exame.itemexame",
    "pk": 28,
    "fields": {
        "exame": 9,
        "descricao_item": "AUS\u00caNCIA DE EFEITOS CITOP\u00c1TICOS SUGESTIVO DE INFEC\u00c7\u00c3O PELO HPV",
        "data_cadastro": "2017-03-11T15:48:46.695Z",
        "ativo": true
    }
},
{
    "model": "exame.itemexame",
    "pk": 29,
    "fields": {
        "exame": 10,
        "descricao_item": "NEGATIVO PARA LES\u00d5ES INTRA EPITELIAIS OU MALIGNIDADE",
        "data_cadastro": "2017-03-11T15:48:54.077Z",
        "ativo": true
    }
},
{
    "model": "exame.itemexame",
    "pk": 30,
    "fields": {
        "exame": 10,
        "descricao_item": "ESFREGA\u00c7O INFLAMAT\u00d3RIO DISCRETO",
        "data_cadastro": "2017-03-11T15:49:03.658Z",
        "ativo": true
    }
},
{
    "model": "exame.itemexame",
    "pk": 31,
    "fields": {
        "exame": 10,
        "descricao_item": "ESFREGA\u00c7O INFLAMAT\u00d3RIO MODERADO",
        "data_cadastro": "2017-03-11T15:49:15.063Z",
        "ativo": true
    }
},
{
    "model": "exame.itemexame",
    "pk": 34,
    "fields": {
        "exame": 10,
        "descricao_item": "ESFREGA\u00c7O INFLAMAT\u00d3RIO ACENTUADO",
        "data_cadastro": "2017-03-11T15:49:50.546Z",
        "ativo": true
    }
},
{
    "model": "exame.itemexame",
    "pk": 35,
    "fields": {
        "exame": 10,
        "descricao_item": "ESFREGA\u00c7O NORMAL CLASSE I",
        "data_cadastro": "2017-03-11T15:49:58.425Z",
        "ativo": true
    }
},
{
    "model": "exame.itemexame",
    "pk": 36,
    "fields": {
        "exame": 12,
        "descricao_item": "amarela",
        "data_cadastro": "2017-06-14T00:28:23.753Z",
        "ativo": true
    }
},
{
    "model": "exame.itemexame",
    "pk": 37,
    "fields": {
        "exame": 12,
        "descricao_item": "incolor",
        "data_cadastro": "2017-06-14T00:28:32.586Z",
        "ativo": true
    }
},
{
    "model": "exame.itemexame",
    "pk": 38,
    "fields": {
        "exame": 12,
        "descricao_item": "\u00e2mbar",
        "data_cadastro": "2017-06-14T00:28:40.941Z",
        "ativo": true
    }
},
{
    "model": "exame.itemexame",
    "pk": 39,
    "fields": {
        "exame": 12,
        "descricao_item": "vermelha",
        "data_cadastro": "2017-06-14T00:28:50.115Z",
        "ativo": true
    }
},
{
    "model": "exame.itemexame",
    "pk": 40,
    "fields": {
        "exame": 13,
        "descricao_item": "l\u00edmpido",
        "data_cadastro": "2017-06-15T00:08:35.177Z",
        "ativo": true
    }
},
{
    "model": "exame.itemexame",
    "pk": 41,
    "fields": {
        "exame": 13,
        "descricao_item": "ligeiramente turvo",
        "data_cadastro": "2017-06-15T00:08:56.210Z",
        "ativo": true
    }
},
{
    "model": "exame.itemexame",
    "pk": 42,
    "fields": {
        "exame": 13,
        "descricao_item": "turvo",
        "data_cadastro": "2017-06-15T00:09:04.201Z",
        "ativo": true
    }
},
{
    "model": "exame.itemexame",
    "pk": 43,
    "fields": {
        "exame": 14,
        "descricao_item": "ausente",
        "data_cadastro": "2017-06-15T00:09:11.728Z",
        "ativo": true
    }
},
{
    "model": "exame.itemexame",
    "pk": 44,
    "fields": {
        "exame": 14,
        "descricao_item": "presente",
        "data_cadastro": "2017-06-15T00:09:19.204Z",
        "ativo": true
    }
},
{
    "model": "exame.itemexame",
    "pk": 45,
    "fields": {
        "exame": 15,
        "descricao_item": "insignificante",
        "data_cadastro": "2017-06-15T17:36:06.862Z",
        "ativo": true
    }
},
{
    "model": "exame.itemexame",
    "pk": 46,
    "fields": {
        "exame": 15,
        "descricao_item": "presente",
        "data_cadastro": "2017-06-15T17:36:16.094Z",
        "ativo": true
    }
},
{
    "model": "exame.itemexame",
    "pk": 47,
    "fields": {
        "exame": 16,
        "descricao_item": "\u00e1cida",
        "data_cadastro": "2017-06-15T17:36:39.869Z",
        "ativo": true
    }
},
{
    "model": "exame.itemexame",
    "pk": 48,
    "fields": {
        "exame": 16,
        "descricao_item": "alcalina",
        "data_cadastro": "2017-06-15T17:36:46.857Z",
        "ativo": true
    }
},
{
    "model": "exame.itemexame",
    "pk": 49,
    "fields": {
        "exame": 16,
        "descricao_item": "neutra",
        "data_cadastro": "2017-06-15T17:36:55.147Z",
        "ativo": true
    }
},
{
    "model": "exame.itemexame",
    "pk": 50,
    "fields": {
        "exame": 17,
        "descricao_item": "ausentes",
        "data_cadastro": "2017-06-15T17:41:00.103Z",
        "ativo": true
    }
},
{
    "model": "exame.itemexame",
    "pk": 51,
    "fields": {
        "exame": 17,
        "descricao_item": "positivo (+)",
        "data_cadastro": "2017-06-15T17:41:24.464Z",
        "ativo": true
    }
},
{
    "model": "exame.itemexame",
    "pk": 52,
    "fields": {
        "exame": 17,
        "descricao_item": "positivo (++)",
        "data_cadastro": "2017-06-15T17:41:33.208Z",
        "ativo": true
    }
},
{
    "model": "exame.itemexame",
    "pk": 53,
    "fields": {
        "exame": 17,
        "descricao_item": "positivo (+++)",
        "data_cadastro": "2017-06-15T17:41:39.540Z",
        "ativo": true
    }
},
{
    "model": "exame.itemexame",
    "pk": 54,
    "fields": {
        "exame": 18,
        "descricao_item": "ausentes",
        "data_cadastro": "2017-06-15T17:42:21.284Z",
        "ativo": true
    }
},
{
    "model": "exame.itemexame",
    "pk": 55,
    "fields": {
        "exame": 18,
        "descricao_item": "positivo (+)",
        "data_cadastro": "2017-06-15T17:42:26.740Z",
        "ativo": true
    }
},
{
    "model": "exame.itemexame",
    "pk": 56,
    "fields": {
        "exame": 18,
        "descricao_item": "positivo (++)",
        "data_cadastro": "2017-06-15T17:42:32.501Z",
        "ativo": true
    }
},
{
    "model": "exame.itemexame",
    "pk": 57,
    "fields": {
        "exame": 18,
        "descricao_item": "positivo (+++)",
        "data_cadastro": "2017-06-15T17:42:39.649Z",
        "ativo": true
    }
},
{
    "model": "exame.itemexame",
    "pk": 58,
    "fields": {
        "exame": 19,
        "descricao_item": "ausentes",
        "data_cadastro": "2017-06-15T17:42:48.365Z",
        "ativo": true
    }
},
{
    "model": "exame.itemexame",
    "pk": 59,
    "fields": {
        "exame": 19,
        "descricao_item": "positivo (+)",
        "data_cadastro": "2017-06-15T17:42:55.297Z",
        "ativo": true
    }
},
{
    "model": "exame.itemexame",
    "pk": 60,
    "fields": {
        "exame": 19,
        "descricao_item": "positivo (++)",
        "data_cadastro": "2017-06-15T17:43:05.984Z",
        "ativo": true
    }
},
{
    "model": "exame.itemexame",
    "pk": 61,
    "fields": {
        "exame": 19,
        "descricao_item": "positivo (+++)",
        "data_cadastro": "2017-06-15T17:43:12.674Z",
        "ativo": true
    }
},
{
    "model": "exame.itemexame",
    "pk": 62,
    "fields": {
        "exame": 20,
        "descricao_item": "ausentes",
        "data_cadastro": "2017-06-15T17:43:38.899Z",
        "ativo": true
    }
},
{
    "model": "exame.itemexame",
    "pk": 63,
    "fields": {
        "exame": 20,
        "descricao_item": "positivo (+)",
        "data_cadastro": "2017-06-15T17:43:44.146Z",
        "ativo": true
    }
},
{
    "model": "exame.itemexame",
    "pk": 64,
    "fields": {
        "exame": 20,
        "descricao_item": "positivo (++)",
        "data_cadastro": "2017-06-15T17:43:49.745Z",
        "ativo": true
    }
},
{
    "model": "exame.itemexame",
    "pk": 65,
    "fields": {
        "exame": 20,
        "descricao_item": "positivo (+++)",
        "data_cadastro": "2017-06-15T17:43:56.540Z",
        "ativo": true
    }
},
{
    "model": "exame.itemexame",
    "pk": 66,
    "fields": {
        "exame": 21,
        "descricao_item": "ausentes",
        "data_cadastro": "2017-06-15T17:44:10.487Z",
        "ativo": true
    }
},
{
    "model": "exame.itemexame",
    "pk": 67,
    "fields": {
        "exame": 21,
        "descricao_item": "positivo (+)",
        "data_cadastro": "2017-06-15T17:44:22.847Z",
        "ativo": true
    }
},
{
    "model": "exame.itemexame",
    "pk": 68,
    "fields": {
        "exame": 21,
        "descricao_item": "positivo (++)",
        "data_cadastro": "2017-06-15T17:44:29.650Z",
        "ativo": true
    }
},
{
    "model": "exame.itemexame",
    "pk": 69,
    "fields": {
        "exame": 21,
        "descricao_item": "positivo (+++)",
        "data_cadastro": "2017-06-15T17:44:37.221Z",
        "ativo": true
    }
},
{
    "model": "exame.itemexame",
    "pk": 70,
    "fields": {
        "exame": 22,
        "descricao_item": "ausentes",
        "data_cadastro": "2017-06-15T17:46:10.920Z",
        "ativo": true
    }
},
{
    "model": "exame.itemexame",
    "pk": 71,
    "fields": {
        "exame": 22,
        "descricao_item": "positivo (+)",
        "data_cadastro": "2017-06-15T17:46:16.187Z",
        "ativo": true
    }
},
{
    "model": "exame.itemexame",
    "pk": 72,
    "fields": {
        "exame": 22,
        "descricao_item": "positivo (++)",
        "data_cadastro": "2017-06-15T17:46:23.521Z",
        "ativo": true
    }
},
{
    "model": "exame.itemexame",
    "pk": 73,
    "fields": {
        "exame": 22,
        "descricao_item": "positivo (+++)",
        "data_cadastro": "2017-06-15T17:46:29.535Z",
        "ativo": true
    }
},
{
    "model": "exame.itemexame",
    "pk": 74,
    "fields": {
        "exame": 23,
        "descricao_item": "ausentes",
        "data_cadastro": "2017-06-15T17:46:39.788Z",
        "ativo": true
    }
},
{
    "model": "exame.itemexame",
    "pk": 75,
    "fields": {
        "exame": 23,
        "descricao_item": "positivo (+)",
        "data_cadastro": "2017-06-15T17:46:46.495Z",
        "ativo": true
    }
},
{
    "model": "exame.itemexame",
    "pk": 76,
    "fields": {
        "exame": 23,
        "descricao_item": "positivo (++)",
        "data_cadastro": "2017-06-15T17:46:58.870Z",
        "ativo": true
    }
},
{
    "model": "exame.itemexame",
    "pk": 77,
    "fields": {
        "exame": 23,
        "descricao_item": "positivo (+++)",
        "data_cadastro": "2017-06-15T17:47:06.239Z",
        "ativo": true
    }
},
{
    "model": "exame.itemexame",
    "pk": 78,
    "fields": {
        "exame": 24,
        "descricao_item": "ausentes",
        "data_cadastro": "2017-06-15T18:08:03.567Z",
        "ativo": true
    }
},
{
    "model": "exame.itemexame",
    "pk": 79,
    "fields": {
        "exame": 24,
        "descricao_item": "raras",
        "data_cadastro": "2017-06-15T18:08:11.515Z",
        "ativo": true
    }
},
{
    "model": "exame.itemexame",
    "pk": 80,
    "fields": {
        "exame": 24,
        "descricao_item": "algumas",
        "data_cadastro": "2017-06-15T18:08:19.674Z",
        "ativo": true
    }
},
{
    "model": "exame.itemexame",
    "pk": 81,
    "fields": {
        "exame": 24,
        "descricao_item": "moderadas",
        "data_cadastro": "2017-06-15T18:08:26.739Z",
        "ativo": true
    }
},
{
    "model": "exame.itemexame",
    "pk": 82,
    "fields": {
        "exame": 24,
        "descricao_item": "numerosas",
        "data_cadastro": "2017-06-15T18:08:33.764Z",
        "ativo": true
    }
},
{
    "model": "exame.itemexame",
    "pk": 83,
    "fields": {
        "exame": 25,
        "descricao_item": "ausentes",
        "data_cadastro": "2017-06-15T18:08:41.323Z",
        "ativo": true
    }
},
{
    "model": "exame.itemexame",
    "pk": 84,
    "fields": {
        "exame": 25,
        "descricao_item": "raras",
        "data_cadastro": "2017-06-15T18:08:49.087Z",
        "ativo": true
    }
},
{
    "model": "exame.itemexame",
    "pk": 85,
    "fields": {
        "exame": 25,
        "descricao_item": "algumas",
        "data_cadastro": "2017-06-15T18:08:56.664Z",
        "ativo": true
    }
},
{
    "model": "exame.itemexame",
    "pk": 86,
    "fields": {
        "exame": 25,
        "descricao_item": "moderadas",
        "data_cadastro": "2017-06-15T18:09:04.411Z",
        "ativo": true
    }
},
{
    "model": "exame.itemexame",
    "pk": 87,
    "fields": {
        "exame": 25,
        "descricao_item": "numerosas",
        "data_cadastro": "2017-06-15T18:09:13.869Z",
        "ativo": true
    }
},
{
    "model": "exame.subexame",
    "pk": 1,
    "fields": {
        "descricao": "Caracter\u00edsticas F\u00edsicas"
    }
},
{
    "model": "exame.subexame",
    "pk": 2,
    "fields": {
        "descricao": "Caracter\u00edsticas Qu\u00edmicas"
    }
},
{
    "model": "exame.subexame",
    "pk": 3,
    "fields": {
        "descricao": "An\u00e1lise microsc\u00f3pica do sedimento"
    }
},
{
    "model": "exame.subexameitem",
    "pk": 1,
    "fields": {
        "sub_exame": 1,
        "exame": 12,
        "data_cadastro": "2017-06-17T19:32:39.871Z"
    }
},
{
    "model": "exame.subexameitem",
    "pk": 2,
    "fields": {
        "sub_exame": 1,
        "exame": 13,
        "data_cadastro": "2017-06-17T19:32:44.551Z"
    }
},
{
    "model": "exame.subexameitem",
    "pk": 3,
    "fields": {
        "sub_exame": 1,
        "exame": 14,
        "data_cadastro": "2017-06-17T19:32:50.284Z"
    }
},
{
    "model": "exame.subexameitem",
    "pk": 4,
    "fields": {
        "sub_exame": 1,
        "exame": 15,
        "data_cadastro": "2017-06-17T19:33:05.640Z"
    }
},
{
    "model": "exame.subexameitem",
    "pk": 5,
    "fields": {
        "sub_exame": 1,
        "exame": 16,
        "data_cadastro": "2017-06-17T19:33:10.903Z"
    }
},
{
    "model": "exame.subexameitem",
    "pk": 6,
    "fields": {
        "sub_exame": 2,
        "exame": 17,
        "data_cadastro": "2017-06-17T19:33:38.994Z"
    }
},
{
    "model": "exame.subexameitem",
    "pk": 7,
    "fields": {
        "sub_exame": 2,
        "exame": 18,
        "data_cadastro": "2017-06-17T19:33:45.952Z"
    }
},
{
    "model": "exame.subexameitem",
    "pk": 8,
    "fields": {
        "sub_exame": 2,
        "exame": 19,
        "data_cadastro": "2017-06-17T19:33:59.504Z"
    }
},
{
    "model": "exame.subexameitem",
    "pk": 9,
    "fields": {
        "sub_exame": 2,
        "exame": 20,
        "data_cadastro": "2017-06-17T19:34:05.148Z"
    }
},
{
    "model": "exame.subexameitem",
    "pk": 10,
    "fields": {
        "sub_exame": 2,
        "exame": 21,
        "data_cadastro": "2017-06-17T19:34:41.400Z"
    }
},
{
    "model": "exame.subexameitem",
    "pk": 11,
    "fields": {
        "sub_exame": 2,
        "exame": 22,
        "data_cadastro": "2017-06-17T19:34:49.293Z"
    }
},
{
    "model": "exame.subexameitem",
    "pk": 12,
    "fields": {
        "sub_exame": 2,
        "exame": 23,
        "data_cadastro": "2017-06-17T19:34:55.507Z"
    }
},
{
    "model": "exame.subexameitem",
    "pk": 13,
    "fields": {
        "sub_exame": 3,
        "exame": 24,
        "data_cadastro": "2017-06-17T19:35:40.759Z"
    }
},
{
    "model": "exame.subexameitem",
    "pk": 14,
    "fields": {
        "sub_exame": 3,
        "exame": 25,
        "data_cadastro": "2017-06-17T19:35:55.854Z"
    }
}
]
